ID,ISEMESTRE2025,2120500202,21202250,21202230,2120500201,21202180,21206810,21202190,21202220,21201580,21201980,21201200,21202240,21206900,21206890,21206780,21208480,2120000108,2120000119,2120000117,2120000104,2120000103,2120000105,2120000107,2120000106,2120700038,2120700154,2120700037,2120000142,2120000099,2120000109,2120000100,2120000123,2120000124,2120000101,2120000120,2120000125,2120000122,2120000118,2120000130,2120000126,2120000129,2120000128,2120000131,2120000132,2120000134,2120000133,2120000136,2120000137,2120000135,2120000138,2120000139,2120000140,2120000127,2120000169,2120000170,2120000171,2120000172,2120000173,2120000174,2120000175,2120000121,Por asignar,2120700156,2120700157,2120700211,2120700158,2120500203,Por Asignar,Por Asignar,Por Asignar,Por Asignar
1,FECHALECTURA,Col Sierra Morena,Doña Juana,UAN Usme,Vitelma,Quiba,San Benito–río Tunjuelo,Juan Rey,Paraíso,Pasquilla,Guadalupe,La Unión,UAN Circunvalar,La Esperanza,Cerro Cazadores,Independencia–río Tunjuelo,Kennedy–río Tunjuelo,FOPAE–IDIGER,Col Alemania Unificada,Col Moralba Suroriental,COLMAC,Cerro Norte,El Codito,La Fiscala,Gran Bretaña,San Francisco–qda Limas,Molinos–qda Chiguaza,Casas Fiscales Artillería,Col Carlos Pizarro,Col 21 Ángeles,Col Rodolfo Llinás,Col Francisco Primero S.S.,Col La Chucua,Col Rafael Uribe Uribe,Altos de la Estancia,Col Gustavo Morales Morales,Col Sorrento,INEM Fco de Paula Santander,Col Alberto Lleras Camargo,Col Paulo Freire,Col Ciudad de Villavicencio,Col Ofelia Uribe,Col Gabriel Garcia Márquez,Col Antonio García,Col El Tesoro de la Cumbre,Col Los Alpes,Col El Manantial,Col Los Pinos,Col Friedrich Naumann,Col Manuel Elkin Patarroyo,Col Nueva Zelandia,Esc Pedagógica Experimental,Fund Ana Restrepo del Corral,Col Eduardo Umaña,Col La Belleza,Col Simón Rodríguez,Col Agustín Fernández,Col Unión Colombia,Col Carlo Federici,Col Magdalena Ortega Nariño,Col La Felicidad,Col Gustavo Restrepo,La Viga,Chicú–río Bogotá,La Ramada–río Bogotá,Cra 56B–canal río Salitre,El Tabaco–río Bogotá,Gravilleras–río Tunjuelo,Nazareth,Escuela Col Ingeniería,Palomar Príncipe IDPC,San Juan Sumapaz
2,01/07/2025,"11,5","17,5","25,5","20,1","15,8","12,8",29,"14,4","25,4","16,3","26,4","15,3","35,7","13,6","14,1","12,9","11,5","15,2","23,5",,"8,8","8,7","17,6","24,6",13,15,"16,4","12,1","6,9","6,9","13,8","14,1","13,3","12,8","6,6","14,2","14,5","6,4","18,2","32,9","24,7","25,9",11,"12,6",18,"21,7","17,3","8,1","11,6","6,9","13,7","10,4",24,"22,7","15,3","7,7","4,2","11,4","8,8","10,7","14,2","15,6","7,1","9,7","12,7","11,8","15,8","38,3","7,6",,
3,02/07/2025,"4,7","6,6",9,"10,2","5,6","3,3","19,6","8,2","10,5","8,1","12,3","7,7","19,3","2,9","5,2",6,"2,4","8,3",17,,"1,9",1,"10,8","12,1","4,9","6,9",5,"3,2","0,8","1,1","5,8","4,9","3,7","6,9","0,6","2,5",5,"0,7","7,1","15,6","11,6","14,1","3,9","5,6","11,9","10,6",5,"1,1","6,2","0,4","3,5","2,2","10,3",18,"7,9","1,5","0,4","3,4","0,8","3,7","5,1","7,2","0,6","2,4","1,9","3,5","5,3","12,4","0,5",,
4,03/07/2025,"0,1","4,1","6,7","12,5","1,2","0,9","12,8","5,7","5,7","12,7","1,7","4,2","19,1","3,1",0,0,"1,5","6,5","17,7",,"2,2","3,3","5,9","3,5","0,4","4,3","1,9",0,"1,1","1,4","2,7","0,5","1,7","0,2","1,1",2,"0,1","1,3","3,6","10,3","6,5","5,7","0,8","0,5","10,6","11,1","6,1","1,6","5,8","0,9","3,4","1,5","7,1","10,9","4,5","1,6","1,1","0,1","1,8","0,7","2,8","16,2","2,7","0,1",2,0,"2,6","7,4","2,4",,
5,04/07/2025,0,0,"0,2","3,2",0,0,"2,2",0,"0,4","1,9",1,0,"5,6",1,0,0,0,"0,3","3,3",,1,"0,1",0,"0,1",0,0,0,0,"0,5","0,2",0,0,0,0,"0,1",0,0,"0,4",0,"0,9","0,4","1,6",0,0,"1,1","1,6","0,4","0,2",0,"0,6","1,2","0,2","0,4","1,2","0,1","0,8","0,2",0,0,0,0,"1,5","0,6","0,5","3,3",0,0,"2,4","0,4",,
6,05/07/2025,0,0,"0,2","0,7",0,0,"0,6","0,1","0,1","0,4","1,9",0,"3,3","0,7",0,0,0,0,"0,5",,0,"0,1","0,1","0,1",0,0,0,0,0,0,0,0,0,0,0,0,0,0,0,"0,4","0,3","0,8",0,0,"0,2","0,4",0,0,0,0,"0,6",0,"0,1","0,3",0,0,0,0,0,0,0,"0,6",0,0,0,0,0,"3,2",0,,
7,06/07/2025,0,0,0,0,0,0,"0,4",0,0,0,0,0,"0,3",0,"0,2","0,1","0,4",0,0,,0,"1,4",0,"0,1",0,0,0,"0,3",0,"0,4",0,"0,1",0,0,"0,1",0,"0,3","0,5",0,"0,1",0,0,0,0,0,0,0,0,0,"0,2",0,0,0,0,0,0,"1,1","0,4","0,8","0,2",0,"0,4","2,4",1,0,1,0,"3,2","0,3",,
8,07/07/2025,"0,1",0,0,"0,7",0,0,"1,3","0,2",1,"0,9","2,1","0,1","2,1","0,4",0,0,0,"0,2","0,8",,0,0,0,"0,1",0,0,0,0,0,0,0,0,0,0,0,0,0,0,0,"0,6","0,3","0,6",0,0,"0,3","0,6","0,3",0,0,0,"0,4",0,"0,1","0,5",0,0,0,0,0,0,0,"0,5",0,0,0,0,0,"5,7",0,,
9,08/07/2025,"0,3","2,5","3,6","2,2","0,6","0,4","7,3","1,3","7,6","1,7","6,3",1,"10,2","2,8",0,0,"0,7",2,"6,8",,"5,5",6,"2,7","2,5","0,3","1,2","0,4","0,1","2,9","1,1","0,6","0,4","0,4","0,2","2,6",0,0,"2,8","1,7",5,"4,3","5,4","0,4","0,4",3,"3,2",1,"4,9","0,8","3,2","4,5","5,1","2,4","5,4",1,5,"2,9","0,2","0,6","0,2","0,4","2,6","2,1","0,5","0,7",0,"1,4","13,6",4,,
10,09/07/2025,"2,8","1,6","1,1","4,1","3,5",5,"11,4",5,"3,2","5,2","1,8","4,9",5,"5,2",3,"3,7",3,"3,3","9,2",,"3,6","3,1","3,6","3,3",5,3,"6,8","2,2","2,4","1,9","3,4","3,6","6,2","3,2","3,5","2,9","3,7","1,9","2,3","4,8","3,8",7,"3,8","2,6","4,8","5,8","4,2",3,"3,6","2,7","5,6","3,8","2,2","7,2","4,4",3,"1,9","2,7",4,"3,1","3,4","6,5","2,5",2,"3,4","2,7","2,4","9,1","2,3",,
11,10/07/2025,"9,9","8,3","8,9","20,2","8,2","9,2","18,1","17,5","16,6","16,8","12,2","13,7","16,7",9,"16,4","13,9","10,6","11,6",21,,"3,1","1,9","11,7","10,4","10,4","8,9","9,3","10,1","2,5","9,1","10,7","14,4","12,8","12,6","4,8","14,8","13,4",4,"10,1","11,9","11,3","13,1","6,5","8,6","14,9","22,4",12,"2,7","13,9","1,1","9,8","3,2","9,5","16,1","13,3","2,4","1,1","11,8","8,5","9,1","14,1","17,4",4,10,10,"11,3","9,1","10,1","0,7",,
12,11/07/2025,"7,5","9,1","10,6","9,6","11,3","7,3","26,1","7,8","15,8","11,7","9,4","6,6","32,5","5,4",5,"4,1","3,3","9,6",23,,7,"3,7","10,5",12,"8,3","8,7","8,3","3,5","3,7","3,3","5,5","4,4",5,"7,9","3,7","4,6",4,"3,9","9,8","25,8",17,"21,6","7,4","9,8","12,1","13,1","6,5","3,9","8,6","2,6","5,2",8,"13,3","17,8","6,1","5,7","1,9",5,"3,3","4,6","6,1","7,8","3,5","2,8","3,7","6,7","9,1",15,"2,5",,
13,12/07/2025,0,"0,2","0,9","2,7",0,0,"5,4","0,1","2,5","1,9","2,3",0,"4,3",1,0,0,0,"0,6","6,1",,"0,2","0,2","0,2","0,3",0,0,0,0,0,0,0,0,0,0,0,0,0,0,0,"2,7",1,3,0,0,"2,5","3,7","0,5",0,0,0,"0,8","0,2","1,1","3,2",0,"0,1",0,0,0,0,"0,1","2,2",0,0,0,0,0,"5,8",0,,
14,13/07/2025,0,"0,1","0,3","4,6",0,0,"8,2","1,9","0,1","3,5","1,1","1,3","3,2","1,7",0,0,"0,1","0,9","7,4",,"0,6","0,8","1,2","0,1",0,"0,5","0,1",0,"0,6",0,"0,5","0,1","0,1",0,0,"0,1","0,1","0,1","0,9","5,6","1,6","4,4",0,0,"3,3","4,2",2,"0,2",1,"0,1",1,"0,6","2,6","4,8","1,2","0,2","0,1",0,0,"0,1","0,2","3,7","0,6",0,"0,2",0,"0,2","1,9","0,4",,
15,14/07/2025,0,"2,3","4,8","3,3","0,1","0,1","7,2",1,"7,5",3,"3,1","0,5","15,7","0,7",0,0,"0,2","0,4","2,8",,"1,8","1,6","1,4","3,4",0,0,"0,2",0,"0,4","0,5","0,1",0,0,0,"0,1",0,0,"0,4","0,7","11,1","4,7","6,9",0,0,"1,1","2,8","0,6","0,9","0,8","0,1","1,4","2,3",4,"3,1","0,3","0,9","0,1",0,0,0,"0,1",5,"0,3","0,2",0,0,"0,5","2,8",1,,
16,15/07/2025,0,"0,1","0,3","0,3",0,0,"0,4",0,0,"0,4","0,5",0,"1,5","0,2",0,0,0,"0,3","0,9",,0,0,0,"0,1",0,0,0,0,0,0,0,0,0,0,0,0,0,0,"0,1","0,3","0,3","0,4",0,0,"0,8","0,4",0,0,0,0,"0,3",0,"0,1","0,4",0,0,0,0,0,0,0,"0,4",0,0,0,0,"0,1","0,3",0,,
17,16/07/2025,0,"0,1","0,9","1,1","0,3",0,"2,7","3,1","2,9","0,9","0,2","1,5",8,"0,5",0,0,0,"0,4",2,,"0,1","0,4","0,7","0,2",0,0,0,0,0,0,"0,3",0,0,0,0,0,0,0,"0,5","0,4","0,2","0,6","0,1",0,"1,5","1,8","0,1",0,"1,3","0,4","0,6","0,1","0,1","1,6","1,6",0,0,"0,1",0,"0,5",0,"0,8",0,0,0,0,"0,4","1,1","0,4",,
18,17/07/2025,"0,1","0,4","0,8","2,5",1,"0,7","3,1","0,1","1,5","1,4","3,3","0,5","1,3","4,3",0,"0,1","0,4","1,1","3,5",,"0,2","0,1",3,"2,3","0,9","1,1","1,2",0,0,0,"0,6","0,3","0,6","0,6",0,"0,2","0,1",0,"1,5","0,4","0,8","0,9","0,6","0,5","2,2",2,"1,8",0,0,0,"12,4","0,9","0,2","3,9","0,5","0,1",0,0,"0,4","0,2","1,2","3,3",0,1,"0,8",0,"1,5","6,9",0,,
19,18/07/2025,"2,4",3,"2,9","9,4","4,6","2,9","12,2","3,2",6,"8,5","6,5","2,2","7,6",5,1,"1,7","0,2","4,6","11,5",,"1,9","2,8","6,5","5,1","2,5","3,6","3,5","0,3","0,2","0,2","0,8","2,3","1,7","2,7","0,4","0,9","0,6",0,6,"5,8","5,6","6,9","2,3","2,5","8,7","10,5","5,6","1,9",3,"1,4","9,8",2,3,"10,8","2,7","1,1","1,3","0,4","0,4","0,2","3,1","4,8",0,"0,8","0,7","1,2","4,7","13,4","2,6",,
20,19/07/2025,"2,8","9,5","9,9","19,9",4,"4,9","25,5","10,3","12,4","20,4","4,2","7,7","18,7","6,4","3,6","4,1","2,2",13,"28,3",,"5,5",4,"10,1","9,6",4,"11,9","6,4","3,4","2,4","0,9",4,"4,9","6,1","3,6","1,7","6,7","5,6","1,7","8,3","17,4","11,4","17,1","3,1","2,3","16,9",23,"16,3","3,2","12,8","1,9","7,9",8,"12,6","22,5",7,"3,7","1,7","4,1","0,7","3,8","8,6","12,5","1,6","2,2","2,3","2,1","5,9","2,3","1,3",,
21,20/07/2025,0,0,"0,3","0,1",0,"0,1","0,6","1,2","0,7","0,3","0,3","0,5","1,6","1,3",0,0,0,0,"0,2",,0,"0,2","0,1","0,1",0,"0,1",0,0,0,0,0,0,0,0,0,0,0,0,"0,1","0,5","0,4","0,7",0,0,"0,1","0,2","0,1",0,"0,7",0,"0,3","0,2","0,2","0,3","0,6",0,0,0,0,0,0,"0,3",0,0,0,0,0,"0,5",1,,
22,21/07/2025,"0,4",2,"2,7","2,7","0,8","0,3",10,"2,1","4,8",3,"3,4","0,8","9,4","3,8","0,5","0,6",1,"1,1","5,5",,"0,2","0,6","2,1",2,"0,1","0,8","0,5","0,1",0,"0,2","0,4","0,5","0,2","0,3","0,1","0,7","0,9",0,"1,2","8,3","3,3","4,9","0,4","0,6","2,6","3,5",1,"0,6","1,6","0,2","3,2","0,8",4,"6,3","1,1","0,1","1,1","0,5",2,"0,3","0,5","3,2",0,"1,3",1,"0,1",1,"6,4","1,7",,
23,22/07/2025,"4,1","4,4","3,6","3,2",4,"1,5","5,9","2,3","6,8",6,"3,6","2,8","12,5","4,4","4,4",5,"3,8","1,9","3,6",,"1,1","3,8","3,2","7,3","2,6","1,3","1,2","3,2","7,2","2,3","1,1",5,"3,5","5,4","1,9","1,7","2,2","6,1","3,1",6,"4,5","6,4","3,2","3,9","1,9",2,"3,6","4,2","2,2","4,9",6,"1,7","2,9","4,8","2,3","1,2","1,8","2,1","3,4","2,9",2,"6,3","4,1","6,9","3,5","4,2","3,6","8,8","2,2",,
24,23/07/2025,0,"1,1","0,8","1,9","0,1",0,"5,5","0,8","2,9","1,9","2,3","0,5",1,"1,2",0,"0,1",0,"2,6","5,5",,"0,2","0,5","1,7","1,2","0,1",2,"0,2","0,1",0,0,0,"0,3","0,3",0,0,"0,4","0,3",0,"1,3","2,1","2,5","5,8","0,1",0,"2,6","3,1","0,8","0,1",0,0,"2,1","0,4",1,"6,2","0,4","0,6","0,2",0,0,0,"0,4","1,1","0,3",0,0,"0,1","0,5","4,9","0,2",,
25,24/07/2025,0,"0,2","0,3","1,2",0,0,"1,2",1,"0,2","1,7","1,2","0,8",4,"1,3",0,0,"0,1","0,3","2,1",,"0,2","0,1","0,1","0,3",0,0,0,0,0,0,"0,2",0,"0,1",0,0,"0,1",0,0,0,"0,9","0,1","0,8",0,0,"0,9","1,3","0,3",0,"0,4",0,"1,2","0,2","0,4","1,1","0,7","0,4",0,0,"0,9","0,4","0,1","1,7",0,"0,1","0,8",0,0,"1,6",0,,
26,25/07/2025,0,0,"0,1","0,1",0,0,"0,5",0,0,0,"0,1",0,"1,4","0,2",0,0,0,0,"0,4",,0,"0,4",0,"0,1",0,0,0,0,0,0,0,0,0,0,0,0,0,0,0,"0,6","0,1","0,5",0,0,"0,2","0,3",0,0,0,0,"0,1",0,"0,1","0,1",0,0,"0,1",0,0,0,0,"0,3",0,"0,1",0,0,0,"4,8",0,,
27,26/07/2025,0,"1,5","1,5","0,3","0,1",0,"1,1","0,1","2,2","0,3","0,1","0,1",3,"0,2",0,0,"0,4","0,5","0,9",,2,"2,3","0,3","1,4",0,"0,2","0,2",0,"1,2","0,2",0,0,0,0,"0,9","0,7",0,"0,9","0,6","1,9","0,7","1,2",0,0,"0,2","0,4",0,"1,4","0,1","1,6","0,9","2,1","0,7","0,5","0,1","1,6",1,"0,2","1,1","0,1","0,7","1,3","0,3",0,"0,8",0,"0,7","1,6","2,3",,
28,27/07/2025,0,"0,4","0,3","0,7",0,0,"0,7","0,3","1,8","0,3","3,8","0,2","2,6","0,1",0,0,"0,6","0,2","1,1",,"0,2","0,5","0,2","0,5",0,"0,1",0,"0,1","0,3",0,"0,3","0,2","0,1",0,0,"0,9","0,2",0,0,1,"0,1","0,5",0,0,"0,4","0,6","0,1","0,3","0,4","0,2",0,"0,3","0,6","0,5","0,4",0,"0,3","0,2",0,0,"1,3","1,3",0,"0,5","0,4",1,0,"9,6","0,2",,
29,28/07/2025,"0,2","0,7","0,9","0,6","0,6",0,"2,6","1,6","0,4","0,7","0,2","0,7",2,"1,2","0,2","0,2",0,"0,3","1,1",,0,0,"0,3","0,9","0,1","0,2",0,"0,1",0,0,"0,1","0,1",0,"0,2",0,"0,1","0,3",0,"0,2","1,7","0,7","1,4",0,"0,3","0,8","1,2","0,3",0,"0,8",0,"1,4",0,"0,8","1,4","0,3",0,0,"0,3",0,"0,1",0,"1,1",0,0,0,"0,1","0,1",3,"0,1",,
30,29/07/2025,0,0,"0,2","1,6","0,7","0,3","1,4","1,3","1,7","0,4","4,7",1,"5,4","1,5","0,1","0,1","1,6","0,5","1,2",,"4,6","3,7","0,6","1,7","0,2","0,2","0,2","0,2","3,2","3,3","1,4","0,4","0,7",0,"1,7",1,"0,3",4,"0,1","1,1","1,3","1,3","0,3","0,4","1,3","2,1","0,2","3,1","0,5","2,4","2,1","2,6","0,3","1,1","1,3","3,4","1,6","0,5","1,8","1,1","0,8","0,7","9,1","0,4","1,5","0,1","0,2","17,3","3,2",,
31,30/07/2025,0,0,0,"0,1",0,0,"0,1",0,0,0,"0,1",0,"0,2","0,3",0,0,0,0,"0,4",,0,0,"0,1",0,0,,0,0,0,0,0,0,0,0,0,0,0,0,0,0,0,0,0,0,"0,2","0,3",0,0,0,0,"0,6",0,0,"0,1",0,0,"0,1",0,0,0,0,"0,2",0,0,0,0,0,"0,1","0,1",,
32,31/07/2025,0,"1,2","1,6",0,"1,1",0,"4,5",0,"0,3",0,0,0,"1,6",0,0,0,0,"0,4","1,6","0,1",0,0,"0,6","1,4",0,"0,2","0,1",0,0,0,0,0,"0,1","0,1",0,0,0,0,"1,3","3,9","3,2","4,8","0,5","1,2","0,6","0,1",0,0,0,0,0,0,"2,1","1,2",0,0,0,0,0,0,0,"0,2","0,1",0,0,0,"1,1","4,6",0,,
33,01/08/2025,"0,6","0,8",1,"2,2","0,9","0,5","5,1","0,4","1,2","3,3","2,3",0,"5,2","0,5","0,8","0,7",0,"1,5","4,5",0,0,0,"2,1","1,3","0,5","1,3","0,8","0,5",0,"0,4",0,"0,3","0,2",1,"0,7","1,6","1,1","0,1","0,9","2,6","3,1","4,5","0,3","0,4","2,8","2,9","2,3",0,"0,4",0,"1,3","1,3","1,4","3,9","0,1",0,0,"0,3",0,"0,1","0,7","2,7",0,0,0,"0,7","0,8","12,8",0,,
34,02/08/2025,"0,2","0,3","0,6",3,"0,3","0,4","6,4","3,3",4,"6,1","4,1","1,9","7,2","2,5","2,2","2,4","3,2","0,9",4,"1,1","2,5",1,1,"1,7","0,5","0,3","0,5","1,9","3,9","4,5","0,2","2,3","1,1","0,3","2,9","5,3","4,5","4,9","0,2","2,8","2,2","4,4",0,"0,1","1,8","3,6","4,1","1,7","3,3","0,1","2,3","1,1","0,7","3,4","1,7","1,1","0,4","3,3","1,8","4,2","0,9","5,2","2,8","3,2","0,9",1,"0,1","9,3",0,,
35,03/08/2025,0,"0,4","0,1","1,1","0,3",0,"2,8",0,"0,2","0,4","0,1",0,"0,9","1,2","0,1","0,1",0,"0,4","1,8","0,8","0,9",1,"0,6","0,7",0,"0,2","0,1",0,"0,1",0,0,"0,1","0,2",0,"0,1",0,"0,1",0,"0,3","1,6","0,5","1,5",0,0,"1,4","1,7","0,1","0,6","0,1","0,1","2,4","1,4","0,5","1,9",0,"0,4","0,2",0,0,0,"0,2","1,2",0,0,0,"0,3","0,3","1,6","0,1",,
36,04/08/2025,0,"1,5","1,4",7,"1,2","0,7","7,4","0,9","1,9","8,4","1,9","0,5","2,4","4,7",0,0,0,"2,8","7,1","8,4",2,"2,9","2,6","1,7","0,6","1,2",1,0,"0,1",0,"0,1","0,1","0,6","0,1","0,3","1,7","0,5","0,2","2,4","2,9","2,7","3,9","0,7","0,3","4,3",6,"5,1","2,1","0,9","0,8","4,9","1,6","2,2","4,5",1,"1,2","1,1","0,1","0,3","0,3","1,2","8,5","0,1","0,3","0,3",0,"1,8","4,3","0,7",,
37,05/08/2025,0,0,0,0,0,0,0,0,0,0,0,0,"0,2",0,0,0,0,0,0,0,0,0,0,0,0,0,0,0,0,0,0,0,0,0,0,0,0,0,0,0,0,0,0,0,0,0,0,0,0,0,0,0,0,0,0,0,0,0,0,0,0,"0,1","0,1",0,0,0,0,"0,1",0,,
38,06/08/2025,0,0,0,0,0,0,0,0,0,0,"0,1",0,0,0,0,0,0,0,0,"0,3",0,"0,2",0,0,0,0,0,0,0,0,0,0,0,0,0,0,0,"0,1",0,0,0,0,0,0,0,0,0,"0,1",0,"0,1","0,1","0,1",0,0,0,0,0,0,0,"0,1",0,0,"0,1","0,1","0,1",0,0,"0,8","0,1",,
39,07/08/2025,"26,5","11,2","13,8",12,"10,9","14,7","17,8","16,9","21,7","10,1","26,5","17,1","21,5","21,5","33,7","42,3","6,1","7,4","16,5","8,1","26,9","26,5","9,1","17,2","20,8","9,1","16,8","16,1",10,"6,7","21,4","32,1","28,3","37,3","14,3",30,"26,5","9,2","13,9","20,3","14,3","19,5","11,6","11,7","12,7","16,7","10,9",22,"20,7","16,2","12,9","25,6","12,8","13,1","18,6",23,"16,9","5,7","7,8","7,7","17,3","15,8","5,3",11,"14,2","15,3","9,1","13,7","8,1",,
40,08/08/2025,"10,9","8,9","8,2","10,6","17,1","11,2","9,2","20,8",11,"21,7","11,9","25,8","7,5","15,8","11,3","12,2","6,4","4,6","5,7",16,"24,2","20,2","7,2","21,5","10,2","4,6","5,2","6,8","10,9","12,5","23,3","12,3","10,6","10,7","11,4","20,8","8,5","11,4","6,5","10,5","8,5","11,9","5,3","10,7","5,5","11,9","13,3","21,7",18,"12,7","17,8","23,2","7,5","6,4",30,"21,5","7,5","7,9","12,3","8,7","4,9","5,2",12,"14,5","19,5","15,6","7,5","8,6","17,9",,
41,09/08/2025,"4,3","2,3","3,2","5,6","2,1","2,4","1,9","18,6","5,7","6,6","2,8","22,5",7,"4,8","7,3","5,5","4,1",3,"3,6","7,1","4,2","5,1","2,1","4,1",2,"2,2","2,1","6,6","7,6","8,6","8,3","4,5",3,9,"8,3","4,4","5,2","9,2","1,6","2,6","2,3","2,5","1,1",1,"2,9","4,5","7,4","2,2","18,1","21,3","5,9",6,"1,7","2,3","24,6","3,5","3,7","12,4","4,6","6,4","3,3","3,4","10,9","8,3","6,7",6,"1,5","12,1","16,6",,
42,10/08/2025,0,"0,4","0,7","0,3","0,1",0,"0,7","0,2",2,"0,2","3,4","0,2","2,7","0,2","0,1",0,"0,1","0,2","0,3","0,1","0,3","0,3","0,2","0,4",0,"0,2","0,1",0,"0,1","0,1","0,2",0,0,"0,1","0,2",0,0,"0,2","0,1","0,5","0,5","0,7",0,0,"0,4","0,3","0,1","0,2","0,1","0,1","0,3","0,3","0,5","0,3","0,2","0,2","0,1","0,1","0,2",0,"0,1","0,4","0,1","0,1","0,1","0,2","0,1","11,4","0,1",,
43,11/08/2025,0,"1,2",3,"0,9",0,0,"7,4","0,5","3,5","0,8","1,8","0,2","8,7","0,9",0,0,"0,1","0,3","4,3","2,3","0,7","0,8","1,1","0,8",0,0,0,0,"0,3",0,0,0,0,0,0,0,0,"0,4","0,9",7,"5,7","6,1",0,0,"1,8",1,0,"0,4","0,1","0,3","0,9","0,5","4,1","3,8","0,2","0,2","0,3",0,0,0,0,"2,3","0,7",0,0,0,"0,5","8,4","0,2",,
44,12/08/2025,"0,1",0,0,"0,4",0,"0,3","0,5",0,0,"0,2","0,1",0,"0,6",0,"0,1",0,0,"0,1","0,4","0,1",0,"0,1","0,1",0,"0,3",0,0,0,0,0,0,0,0,0,0,0,0,0,0,0,"0,6","0,8",0,0,"0,3","0,8",0,0,0,"0,1",0,0,"0,1",0,0,0,0,0,0,0,"0,1","0,5",0,0,0,0,"0,1",0,"0,1",,
45,13/08/2025,"0,5",0,0,"0,8","0,9","0,9","0,1",1,"0,6","0,7","1,6","0,5","2,9","3,2","0,1",0,"0,2","0,5","0,4","0,5","2,3","1,2","0,1","0,4","0,7","0,3","0,3",1,"0,7","0,4",1,"0,1","0,3",0,"0,3","0,3","0,7","0,5","0,1","0,2",0,"0,3","0,2","0,6","0,7","0,8","0,2","1,3","0,6","0,4","3,6","2,7",0,0,"0,5","1,8","0,8",0,"1,4",0,"0,3","1,4","0,4",0,"0,4","0,7",0,"1,1","0,4",,
46,14/08/2025,0,"0,6","0,9",0,0,0,"0,3",0,"0,5",0,"1,7",0,"2,5",0,0,0,"0,1",0,0,0,0,0,0,"0,2",0,0,0,0,0,0,0,0,0,0,0,0,0,0,0,"0,4",0,"0,2",0,0,0,0,0,0,0,0,0,0,"0,3",0,0,0,0,0,0,0,0,2,0,"1,3",0,0,0,"3,1","0,1",,
47,15/08/2025,"0,1","0,7","0,4","1,1","0,4","0,2","1,2","0,2","0,4","1,3",1,0,"4,9","0,2","0,3","0,5",0,"0,9","1,5",0,0,0,"0,7","0,7","0,1","0,5","0,4","0,1",0,0,"0,2","0,3","0,2","0,3",0,"0,4","0,3",0,"0,9","1,3","0,3","0,9","0,3","0,3","0,7","0,7","0,5",0,"0,5",0,"0,1",0,"0,4","0,3",0,0,0,"0,2","0,1","0,4","0,9","1,6",0,0,"0,3",0,"0,7","4,9",0,,
48,16/08/2025,0,0,0,0,0,0,0,0,0,"0,2",0,"0,3",0,0,"0,1","0,3","1,7",0,0,"1,6","1,1","1,5",0,0,0,0,0,"0,2","2,4","7,2","2,5","0,3","0,3",0,"3,7","4,7","1,7","10,3",0,0,0,0,0,0,0,0,0,"1,7","0,1","1,3",0,"0,3",0,0,"0,1","0,5","1,2","0,4","0,7","1,2",0,0,"8,4","0,4","0,1",0,0,0,"1,1",,
49,17/08/2025,"0,1",0,"0,4",0,0,0,0,"0,4","0,9",0,"0,3","0,1","2,1","0,3","1,3","1,4","1,3",0,0,"0,7","4,4","1,2",0,0,0,0,0,"2,1","0,2","9,6","0,1","0,1",0,0,"1,5",0,0,4,0,"0,4",0,0,0,0,0,0,0,"1,5","0,1","0,9","0,4","1,8",0,0,"0,3","2,8","0,9","9,5","0,2","0,2",0,"0,2","10,4","15,2",0,"0,4",0,"0,1","0,2",,
50,18/08/2025,"0,6","0,6","0,8","0,9","0,6",1,"3,1",2,"2,4","1,4","0,6","1,4","2,7","1,4","0,5","0,6","0,8","1,1","1,7","0,3","0,5","0,2","1,7","0,9","1,1","1,4","1,4","0,6","0,1","0,2","1,3","0,7",1,"0,7","0,1","6,7","1,8","0,1","1,1",2,"2,2","3,1","0,7","0,7","1,2","1,9","0,5","0,2","1,8",0,"0,3","0,6","1,1","2,2","1,2","0,3","0,1",1,"0,5","1,5","0,9","0,8","0,1","0,4","0,5","0,4","1,1","4,6","0,4",,
51,19/08/2025,"0,1","0,1",0,0,"0,1",0,"0,6","0,1",0,0,"0,3",0,"0,4","0,7","0,2",0,1,0,"0,2","3,4","0,1",1,"0,1","0,3",0,0,0,"0,5","0,4","0,3","0,2",0,0,"0,1",0,0,0,"0,5","0,1","0,3","0,1","0,4","0,2","0,1","0,1","0,1",0,"0,1",0,"0,6","0,9","0,1","0,1","0,3","0,2",0,"0,2","2,7","0,1","1,3",0,"0,3","0,4","3,3","0,2","0,1","0,1","2,8","0,7",,
52,20/08/2025,0,0,0,0,0,0,0,0,0,0,0,0,"0,1",0,0,0,0,0,0,0,0,0,0,0,0,0,0,0,0,0,0,0,0,0,0,0,0,0,0,0,0,0,0,0,0,0,0,0,0,0,0,0,0,0,0,0,0,0,0,0,0,0,0,0,0,0,0,0,0,,
53,21/08/2025,"0,5","1,1","1,1","0,1","1,6","1,4","1,3","0,1",3,"0,8",5,0,"6,6",0,"0,2","0,4",0,"0,2","0,5",0,0,"0,1","0,6","4,2",1,"0,3","1,6",0,0,0,0,"0,4","0,7","0,9",0,0,0,0,"0,5","2,3","0,9","1,5","1,6","2,2","0,1","0,1","0,8",0,0,0,0,0,"1,2","0,6",0,0,0,"0,6",0,"0,5","0,2","1,3",0,"0,5",0,0,"0,7","3,3",0,,
54,22/08/2025,0,0,0,0,0,0,0,0,0,0,0,0,"0,2",0,0,0,"1,5",0,0,"0,1",0,0,0,0,0,0,0,0,"0,3","28,2",0,0,0,0,"0,2","0,9","0,2","2,3",0,0,"0,2","0,2","0,1",0,0,0,0,0,"0,7",0,0,0,0,0,0,0,0,"1,5","1,6","0,8",0,"0,1",8,7,"0,4",0,0,0,0,,
55,23/08/2025,1,"2,4","3,7",2,3,"1,8","3,7","0,3","3,1","1,7","1,3","0,3","4,7","4,6","1,1",1,"0,5","2,1",4,"2,1","0,3","0,6","5,4","1,9","2,4","2,4","2,4",1,"0,3","0,1","0,5",1,"1,2",1,"0,3","0,3","0,7","0,1","3,1","3,9",1,"1,4","3,4","1,7","2,8","2,7","1,6","0,4","0,3","0,9","5,7","0,5","3,3","4,5","0,7","0,1","0,5","1,4","0,6","1,3",2,"1,1","0,1","2,1","0,8","0,1","2,4","3,7","0,1",,
56,24/08/2025,"8,7","7,8","7,3",8,"7,8","6,1","10,6","8,5","7,9","6,2","15,3","8,2","13,3","4,6","11,2","10,1","3,4","7,8","10,4","3,3","3,2","2,7",9,12,"7,3","7,1","6,8",7,2,"2,4","5,9","7,6","5,9","9,3","2,1","6,1","7,8","2,5","8,9","10,8","10,8","10,8","6,5","7,8","9,3","9,3","5,8","2,9","7,5","2,4","4,2","2,9","9,4","8,5","7,4","2,5","2,6","5,7","2,4","5,6","5,8","4,6","2,8","4,1","3,1",7,8,"14,3","2,2",,
57,25/08/2025,0,"0,1","0,4","1,6",0,"0,1",3,"0,3","1,9","0,4","0,4","0,1","1,6","0,7",0,0,"0,4","0,5","4,5","0,3","0,4","0,5","0,4",0,0,0,0,0,"0,1",0,0,0,0,0,0,0,"0,1",0,"0,1","1,8","0,5","0,9",0,0,"1,9","1,6",0,"0,3","0,1","0,2","0,6","0,4","1,4","2,3","0,1",0,"0,1",0,"0,1",0,0,"1,7",0,"0,4","0,2",0,0,"0,6","0,2",,
58,26/08/2025,0,"3,1",5,"2,4","0,4",0,"13,6","0,4",3,"2,3","2,3","0,1","10,6","0,7",0,0,0,"1,3","8,3","0,6",0,0,"2,5","2,3",0,"0,7",0,0,0,"0,1",0,0,"0,1",0,"0,3",0,0,"0,7","2,2",15,"8,1","11,4","0,2","0,2","3,9","3,8","0,2",0,0,0,1,"0,2","9,9","8,6","0,2",0,0,0,0,0,0,"3,9","0,2","0,1",0,0,"1,4","12,5",0,,
59,27/08/2025,0,"0,7","1,2","11,1","0,2","0,7","10,8",1,"1,7","9,7","1,4","0,5","7,1","2,1",0,0,0,7,"15,9","0,1","0,9","0,2","4,5","2,3",0,"2,3","1,3",0,0,"0,1",0,"0,3","0,9",0,0,0,0,0,"1,4","3,6","1,5",4,0,0,"8,4","5,9","2,5","0,2","0,5",0,"2,2","0,7",3,"7,4","0,4","0,1","0,1",0,"0,1",0,"1,4","5,3",0,0,0,0,"0,2","1,7",0,,
60,28/08/2025,0,"1,1","0,5","0,6","0,2","0,2","1,5","0,2","0,8","2,4","3,9",0,"3,1","0,6",0,0,0,"0,1","0,6",0,"0,3",0,"0,5","1,5","0,1","0,2","0,1",0,0,"0,2",0,"0,1",0,0,"0,3","0,1",0,0,"0,6","1,4","0,6","1,2",0,0,"0,2","0,5","1,2","0,1","0,1",0,"1,3","0,8","0,7","1,2","0,1",0,0,0,0,0,"0,1","2,6",0,0,0,0,"0,2",8,0,,
61,29/08/2025,"4,2",2,"1,7",4,"3,4","3,9","2,6","5,6","1,6","4,2","2,3","5,3","5,7","3,3","3,6","4,4","1,4","3,7","3,5","2,7","3,2","3,1","2,8","2,3","3,7","3,7","4,4","1,9","1,5","1,8","2,7","4,5","5,9","5,1","1,6","4,7","4,1","1,6","2,1","3,4","2,3","3,8",3,"2,8",3,"4,1","3,5","3,1","4,9",2,"2,5",2,"1,9","2,9","5,1","2,3","2,6","2,7","1,4","2,6",4,"4,3","1,5","2,2","1,3","1,8",2,"2,9","1,7",,
62,30/08/2025,"1,9","3,9","4,2","5,1","2,6","2,8","5,2","4,3","4,4","4,6","4,2","3,7","8,6","3,8","2,1","2,2","3,2","4,4","5,5",4,"3,9","4,2",4,"3,6",3,"3,8","3,2",2,"2,7","2,7","3,9","3,2","3,4","2,4","3,2","4,6","3,6","2,7","4,1","5,6","4,1","5,5",2,"2,4","4,5","5,5","3,3","2,8","4,2","3,2","4,7","4,3","4,7","4,4","3,2",3,"3,1","5,5","2,8","11,7","4,2","5,8","2,2","5,4","3,8","2,8","3,3","6,8","3,5",,
63,31/08/2025,"0,1","0,2","0,1","1,1","0,1","0,2","0,1","0,7","1,6",1,3,"0,3",2,"3,5","0,2","0,2","0,3","0,1","0,2","0,5","0,3","0,9","0,1","0,3","0,1","0,1","0,1","1,2","0,1","0,1","0,1","0,1","0,1","0,2",0,"0,2","0,3","0,1","0,1","0,8",1,"0,3","0,1","0,1",0,"0,1","0,2","1,3","0,5","0,3","3,9",0,"0,4","0,1","0,4","0,1","0,5","0,2",0,0,"0,2","0,9","0,2","0,4","0,1","0,3","0,2","1,6","0,4",,
64,01/09/2025,"0,6","0,4","0,7","0,8",2,"1,9","1,1","1,3",1,"1,3",1,"0,5","4,8","0,6","0,7","1,2","0,6","0,5","0,7","2,4","1,8","2,2","0,4","2,7","1,5","0,6","1,3","0,5","1,2","1,5","0,4","1,7","2,8","1,8","0,2","1,2","1,4","1,6","0,8","1,8","0,5","0,8","1,4","1,2","0,3","0,6",0,"0,8",1,1,"0,8","0,9","0,9","0,3","0,7","1,1","0,8","0,2","0,6","0,7","1,3","2,9","0,7","0,6","0,2","1,3","1,1","1,6","0,9",,
65,02/09/2025,"0,1","0,6","0,7","1,5","0,2","0,3","3,8","2,2","1,8",3,"1,1","1,3",3,1,0,0,"0,1","0,6","3,1","1,6",0,"0,4","1,6","1,1","0,2","0,6","0,3",0,0,0,"0,4",0,"0,1","0,1",0,"0,4",0,0,"0,7","2,4","1,7","3,9","0,2","0,2","1,9","2,7","0,8",0,"1,5",0,"1,3","0,4","1,3","3,5","1,1",0,0,"0,4",0,"0,4","0,4","1,9",0,"0,1",0,0,"0,7","0,6","0,1",,
66,03/09/2025,1,"0,7","0,9",3,"0,3","0,6","3,4","3,2","2,2","1,8","1,6","1,6","3,4","3,3",0,"0,1","0,5","0,5",2,"0,2","1,7","0,1","0,4","0,8","0,9","0,2","0,2",0,0,0,"0,3","0,5","1,2","1,1","0,3",0,0,0,"0,4","3,4","3,7","4,9",0,"0,1","0,8","1,4","0,4","0,3","1,2",0,"1,3","3,9","2,5","1,5","1,6","0,9",0,"0,3","0,5","0,1","1,1","3,2",0,"1,3","0,7","0,1","0,1","7,7",0,,
67,04/09/2025,"11,2","14,3","13,4","11,7","14,2","10,7","22,1","11,5","14,4","13,1","11,3","9,2","25,2","12,6","8,8","9,7",5,12,"19,7","10,5","7,3","5,9","14,8","18,7","12,1","11,5","14,4","6,5","4,8","5,2","5,3","10,9","11,8","12,7","3,7","8,4","8,9","2,9","14,1","24,6","17,6","22,1","12,2","11,9","14,4","12,8","8,5","4,8","9,5","2,8","12,2","5,4","17,8",19,"7,9","4,7","3,3","6,3","5,2","6,2","9,3",13,"3,3","4,5","5,5","6,6","14,3","16,6","2,7",,
68,05/09/2025,0,"2,9","3,3",3,"0,7","0,4","7,3","1,1","3,8",4,"3,9","0,7","9,9","0,8","0,1","0,2","0,1","1,5","5,4","0,9","1,9","0,2","1,6","3,1","0,2","1,1","0,6",0,"0,5","0,1","0,1","0,4","0,6","0,1","0,1","0,5","0,4","0,4","1,5","5,9","3,5","5,6","0,4","0,5","2,9","2,6","2,3","0,1",1,"0,1",1,"0,5","3,3","4,8","0,8","0,8",0,"0,1",0,"0,1","0,7","3,5","0,4","0,6",0,0,"1,7","8,6","0,1",,
69,06/09/2025,0,0,0,0,0,0,"1,7","0,1","0,4",0,0,"0,1","0,9","0,2",0,0,0,"0,1","0,8","0,5","0,6","0,2","0,2",0,0,0,0,0,0,"0,1",0,0,0,0,0,0,0,0,"0,3",0,0,"0,4",0,0,"0,2",0,0,0,0,0,0,"0,1",0,"0,5","0,1","0,1",0,"0,1",0,0,0,"0,2",0,0,0,0,0,"0,1","1,4",,
70,07/09/2025,"0,9",1,"0,7","3,1","0,9","1,5","1,8",1,"0,4","1,6","1,5","0,7","2,6","0,9","0,6","1,7","4,4","1,7","1,9","1,6",2,"5,2","0,5","1,6","1,1",1,"1,2","0,1","0,6","2,8","0,4","1,5","2,1","1,4","0,3","1,6","0,5","0,2","0,9","1,4","0,7","1,3","0,5","0,6","1,6","2,9","1,4",2,"0,4",3,"1,3","1,1",1,"1,3","0,5","0,9","3,1","1,5","1,4","0,2","1,4","3,4","2,1","3,1","1,6","0,4","0,9","10,4","3,1",,
71,08/09/2025,0,0,0,"0,1",0,0,0,0,0,0,0,0,"0,4","0,1",0,0,0,0,0,"0,3","0,4","0,1",0,0,0,0,0,0,0,0,0,0,0,0,0,0,0,0,0,0,0,0,0,0,"0,2","0,1",0,"0,1",0,0,"0,2",0,0,0,0,"0,2",0,0,0,0,0,"0,3",0,0,0,0,0,"0,4","0,1",,
72,09/09/2025,0,0,0,"0,2",0,0,"0,5",0,0,"0,5",0,0,"0,1","1,1",0,0,0,0,"0,2",0,0,0,0,0,0,0,0,0,0,0,0,0,0,0,0,0,0,0,0,0,0,"0,1",0,0,"0,1","0,6",0,0,0,0,"0,6",0,0,"0,2",0,0,0,0,0,0,0,"0,6",0,0,0,0,0,"0,2",0,,
73,10/09/2025,0,0,0,0,0,0,"0,9","0,1","0,9",0,"0,8","0,1","0,9","0,1",0,0,0,0,"0,1","0,1",0,0,0,0,0,0,0,0,0,0,0,0,0,0,0,0,0,0,0,"0,1",0,"0,1",0,0,,0,0,0,0,0,"0,7",0,0,"0,1",0,0,0,0,0,0,0,"0,6",0,0,0,0,0,"2,3",0,,
74,11/09/2025,0,0,0,0,0,0,"0,1",0,"0,5",0,0,0,"0,8",0,0,0,0,0,"0,1","0,1","0,1","0,1",0,0,0,0,0,0,0,0,0,0,0,0,0,0,0,0,0,0,0,0,0,0,,0,0,0,0,0,"0,2","0,1",0,0,0,0,0,0,0,0,0,"0,3",0,0,0,0,0,"1,7",0,,
75,12/09/2025,"0,1","0,5","1,1","2,5","0,3","0,3","2,1","1,4",0,"1,9",0,"1,2","1,4","0,7","0,1","0,3","0,8","1,2","3,4","0,5","0,7","0,8","0,9","0,5","0,5","0,4","0,4",0,0,0,"0,6","0,5","0,5","0,2",0,1,"0,5","0,3","0,5",2,"1,1","1,5","0,3","0,2","1,8","2,9","1,6","0,4","1,2","0,1","0,5","0,2","1,2","1,5","1,1","1,2","0,3","0,1",0,"0,2","1,2","2,7","0,4",0,"0,2",0,"0,2","1,6","0,3",,
76,13/09/2025,0,0,0,0,0,0,0,0,0,0,0,0,0,0,0,0,0,0,0,0,0,0,0,0,0,0,0,0,0,0,0,0,0,0,0,0,0,0,0,0,0,0,0,0,0,0,0,0,0,0,0,0,0,0,0,0,0,0,0,0,0,"0,1",0,0,0,0,0,0,0,,
77,14/09/2025,"7,1","11,8","12,8",10,"9,5","8,8","16,1","6,2","12,4","9,5","15,1","5,2","20,4","4,3","5,8","6,1","2,3","9,9","12,9",0,"0,7","0,3","9,6",13,"8,4","9,4","12,3","4,3","0,6","0,8","3,8","6,8","7,4","8,7","1,4","5,7","5,9","0,8",10,20,"13,3","17,8","9,5","10,1","12,7","11,4","6,4","0,4","5,7","0,4","4,2",2,"15,2","12,6","4,8","0,7","0,2","3,4","1,9","3,9",9,"11,2","0,5","1,4","3,4","4,2","10,9","11,4",0,,
78,15/09/2025,"3,3","1,5","2,7","2,5","3,1","2,4","4,5","1,3","3,2","2,9","1,5","1,1","11,8","0,5","3,4","2,8","0,9",2,"4,3","1,7","1,9","0,2","1,4","3,9","3,1","1,6","3,2","2,3","0,3","0,5","0,9",3,"2,3","4,8","0,5","2,5","2,8","0,3","1,3","6,2","2,5","4,4","1,8","2,1","2,2","2,8","1,6","0,8","1,5","0,1","0,6","0,7","3,7","2,4","0,8","0,9","0,1","1,3","0,5","1,3","2,4","4,1","0,1","0,6","0,6",2,"1,5","3,2","0,2",,
79,16/09/2025,0,0,0,0,0,0,0,0,0,0,0,0,0,"0,1",0,0,0,0,0,0,0,0,0,0,0,0,0,0,0,0,0,0,0,0,0,0,0,0,0,0,0,0,0,0,0,0,0,0,0,0,0,0,0,0,0,0,0,0,0,0,0,"0,1",0,0,0,0,0,"0,1",0,,
80,17/09/2025,0,"0,5",0,"0,4",0,0,"0,7",0,"2,6",0,"0,1",0,"1,8",0,0,0,0,"0,4","1,5",0,0,0,"1,6",0,0,"0,1",0,0,0,"0,1",0,0,0,0,"0,3","0,3","0,1",0,"0,3","1,5","0,1","0,6","0,1",0,"0,1","0,3",0,0,"0,1",0,0,0,"0,5","0,9",0,0,0,0,0,0,0,"2,4",0,0,0,0,"0,2",8,0,,
81,18/09/2025,"7,9","4,6","0,9","3,8","4,7","6,5","2,1","2,6","1,3","1,5","1,9","2,1",2,"3,4","5,7","4,7","2,3",2,"2,8","0,5","0,4","2,2","2,6","6,8","7,6","4,2","7,7","2,6","1,1",1,"4,8","8,1","5,8","10,4","0,5","5,7","3,9","5,8",3,"2,1","0,8",1,"4,2","3,7","1,9","3,8",1,"0,1","2,8","1,5",3,"0,5","0,8",2,"2,7","0,2","0,5","5,2","1,4","3,3","7,7","3,4","7,3","4,9","2,5","4,4","3,7","2,3","0,7",,
82,19/09/2025,"5,2","0,8","1,7","5,9",2,5,"3,5","1,3","2,1","1,7","2,1","1,1",5,"1,8","15,8","10,1","1,8","7,8","4,3","0,8","0,7","1,6","3,1","1,2","3,4",5,4,"8,7",20,"26,6","2,4","4,5","4,1","10,6","0,8","3,3","9,2","49,7","2,8","4,4","2,3","3,1","1,4","1,3","3,2","2,7","4,2","1,1","1,8","44,3","1,3","0,5","2,9",3,"0,9","0,5","0,8","2,5",16,"2,3","3,3","6,5","16,2","5,4",5,"2,5","2,2","7,8","7,2",,
83,20/09/2025,"2,4","2,8","3,4","1,8","2,5","1,3","2,4","1,6","4,5","1,6","7,1","1,6","6,2","2,6","2,3",2,1,"1,6","2,3","2,3","2,7","2,8","2,1",4,"1,3","1,7","1,6","2,7",2,"1,3","1,4","1,3","1,3","2,4","1,4","1,7","1,7","1,6","1,9","2,9","1,9",2,"1,1","1,6","1,4",2,"1,5",2,"1,5","2,3","2,8","3,1","2,7",2,"1,6","2,1","1,9","1,7","1,1",1,"1,6","1,7","1,6","2,8","1,4",2,"1,7","9,7",3,,
84,21/09/2025,"0,1","0,1",0,"0,7",0,"0,1","0,5",0,0,"0,9",0,"0,1",0,0,0,0,"0,7","0,6",1,0,0,0,"0,5","0,1","0,1","0,6","0,2",0,0,0,0,"0,1","0,4","0,1",0,0,0,0,"0,3",0,"0,4","0,1","0,1",0,"0,5","1,2","0,4",0,"0,2",0,0,0,"0,2","0,6","0,1",0,0,0,"0,2","0,1","0,3","1,2",0,0,"1,3",0,"0,2",0,0,,
85,22/09/2025,0,0,0,"0,1",0,0,0,0,0,0,0,0,0,0,0,0,0,0,0,"0,1",0,0,0,0,0,0,0,"0,4",0,0,0,0,0,0,0,0,0,0,0,0,0,0,0,0,0,"0,1",1,0,0,0,0,0,0,0,0,0,0,"0,1",0,0,0,0,0,0,0,"0,1",0,0,"0,1",,
86,23/09/2025,0,"0,2",0,"1,1","0,5","0,4","1,3","1,4",2,"1,1","2,1","1,6","1,4","1,6","0,1","0,3",1,"0,6","1,1",0,"0,2","0,1",1,"0,4","0,3","0,5","0,5","0,1","0,2","0,4","0,9","0,7","0,4",0,"0,4","0,6","0,6",0,"0,7","0,8","0,3","0,8","0,5","0,3","0,4","0,8","1,1","0,1","0,9","0,1","1,5","0,1","0,2","1,7","1,1","0,1",0,"1,1","1,3","1,1","0,5","2,3",0,"0,2","0,5",0,"0,5","0,8",0,,
87,24/09/2025,0,"0,6","0,1","0,2","0,1",0,"1,4",0,"1,2","0,1","0,9",0,"1,1",0,"0,2","0,1",0,"0,4","0,6",0,0,0,"0,2","0,1",0,"0,3","0,2","0,1",0,0,0,"0,1","0,5","0,1",0,0,0,0,"0,1","1,2","0,7","1,5",0,0,"0,2","0,3",0,0,0,"0,1",0,"0,3","0,6","1,5",0,0,0,0,"0,2","0,1","0,2","0,7",0,0,0,"0,2","0,2",6,0,,
88,25/09/2025,0,0,0,"0,3","0,2","0,2",0,"0,1","0,2","0,2","0,2","0,2","2,5",0,0,0,0,"0,3",0,0,0,0,0,0,"0,1","0,1","0,2","0,1",0,0,"0,1","0,1","0,1",0,0,0,"0,2",0,0,"0,2",0,0,"0,2","0,1","0,3","0,2",0,0,0,0,0,0,"0,1",0,"0,1",0,0,"0,1",0,"0,1","0,4","0,3",0,"0,1",0,0,0,"0,1","0,2",,
89,26/09/2025,0,0,0,0,0,0,0,0,"0,2",0,0,0,"1,6","0,1",0,0,0,0,0,0,0,0,0,0,0,0,0,0,0,0,0,0,0,0,0,0,0,0,0,0,0,0,0,0,0,0,0,0,0,0,"0,1",0,0,0,0,0,0,0,0,0,0,0,0,0,0,0,0,"0,3",0,,
90,27/09/2025,0,0,0,0,0,0,0,"0,4",0,0,0,"0,1","0,1",0,0,0,0,0,0,0,0,0,0,0,0,0,0,0,0,0,0,0,0,0,0,0,0,0,0,0,0,0,0,0,0,0,"0,3",0,"0,1",0,0,0,0,0,0,0,0,"0,3",0,0,0,0,0,"5,2",0,0,0,"0,7",0,,
91,28/09/2025,0,0,0,0,0,0,0,0,0,0,0,0,"0,1",0,0,0,0,0,0,0,0,0,0,0,0,0,0,0,0,0,0,0,0,0,0,0,0,0,0,0,0,0,0,0,0,0,0,0,0,0,0,0,0,0,0,0,0,0,0,0,0,0,0,0,0,0,0,0,0,,
92,29/09/2025,"0,3","5,9","4,4",0,"1,8","0,1","7,5","0,1","3,8",0,"0,7","0,1","2,2","0,1","0,8",0,"0,1","0,6",2,"2,1","0,7","5,2","2,4","4,9","0,4","0,5","0,6","0,1",0,0,"0,1",0,0,"0,3",0,0,0,0,"4,2","8,3","6,8","8,1","1,6","2,1","0,8","0,1","0,1","0,6",0,"2,6","0,2","1,2","6,7",3,"0,1","0,9","2,2","0,1",0,0,0,"0,9",0,"0,6",0,0,"4,4","0,5","6,3",,
93,30/09/2025,"14,6","18,2","15,7","11,6","13,1","14,2","18,8","14,7","14,6","10,5","10,5",11,"19,6","9,3","14,3","12,6","8,3","17,6","19,3","5,2",12,"8,2","17,8","18,7","13,5","15,9","15,7","10,7","22,6","18,7","11,2","12,4","15,4","19,8","12,7","14,4","10,9","15,3","16,4","17,1","20,1","19,9","11,5","12,9","19,6","18,4",15,"8,7","13,2","8,2","11,5","13,7","17,1","13,7",12,"11,8","6,1","21,2","13,6","32,2","15,2","6,6","15,1","19,4","15,5","11,4","13,7","4,5","5,6",,
94,1/10/2025,0,0,0,0,0,0,0,0,0,0,"0,1",0,"0,2","0,2",0,0,0,0,0,"0,5","1,7","1,4",0,0,0,0,0,0,0,0,0,0,0,0,0,0,0,0,0,0,0,0,0,0,0,0,0,"0,4",0,"1,2","0,1",0,0,0,0,"0,6","0,5",0,"0,1",0,0,"0,5","0,1",0,"0,1",0,0,"2,1","0,8",,
95,2/10/2025,0,"0,7","0,3","1,5",1,"0,7",1,"1,6","0,1","1,8","0,9","1,3","1,9","1,6","0,1","0,2","1,1","0,9","1,3","0,6","1,9","2,8","1,4","1,2","0,5","1,2","1,7","0,3","2,1","1,2","1,2","0,5","0,8","0,2","1,3",1,"0,5","0,8","1,2","1,3","0,1","0,5","0,9",1,"0,8","0,9","0,8","1,5","1,3",1,4,"1,6","0,9","0,3","1,2","1,5","1,3","0,9","1,2","0,6",2,"1,8",1,"0,4","1,1","0,2","1,2","5,1","1,6",,
96,3/10/2025,"0,4","0,3","0,9","0,6","0,2","0,2","2,1","2,9","0,2","1,3","0,2","2,2","2,9","1,3","0,2","0,7","1,3","0,5","1,8","0,4","0,5","0,8","0,4","0,7","0,2","0,3","0,1","0,3","1,1","2,4","0,8","0,3","0,2","0,4",1,"0,4","0,8","1,2","0,3","2,1","1,5","2,8",0,"0,1","0,9",1,"0,5","0,4","1,7","0,6","0,8","0,5","1,3","0,9","1,5","0,4","0,4","0,9","0,8","1,4","0,3","1,9","1,4","0,7",1,"0,1","0,1","0,6","0,5",,
97,4/10/2025,0,0,0,"2,1",0,0,"0,5","1,2",0,2,"1,3","0,8","0,2","3,9",0,0,1,"1,3",2,"0,2","1,4","0,7","0,7",0,0,"0,9","0,1",0,"0,6","0,4","0,5","0,1","0,3",0,"0,5","0,2",0,"0,5","0,3",0,"0,3","0,4",0,0,"1,4","2,4","1,2","0,9","1,2","0,6","3,9","2,2",0,"0,9",1,1,"0,5","1,1","0,6","0,1","1,3","5,1","0,6","0,1","0,6",0,"0,2","1,6","0,1",,
98,5/10/2025,0,0,"0,1",0,"0,2",0,0,"0,1","0,5",0,0,"0,2","0,5","1,5",0,0,0,"0,1",1,"1,2",0,0,"0,3",0,0,"0,1",0,0,0,0,"0,8",0,0,0,0,0,0,0,"0,1",0,0,0,"0,1",0,"0,4",0,0,0,0,0,1,0,0,"0,4","0,3",0,0,0,"0,2","0,3",0,"0,1",0,0,"0,6",0,"0,1","0,6",0,,
99,6/10/2025,"0,5",0,"0,9",0,0,"2,3",0,0,0,"0,3","0,9",0,"0,1",0,"0,5","0,5",0,"1,7",0,0,0,"0,1",0,"0,9","2,3","5,1","6,1","0,2",0,0,"0,3","0,8","2,6","0,9",0,"0,6","1,1",0,0,"1,3",0,"0,1","0,5",0,0,0,"1,6",0,0,0,0,0,"0,8",0,0,0,0,"1,8",0,"0,1",4,1,0,"0,6",0,0,0,"1,1",0,,
100,7/10/2025,2,"2,9","4,6","3,4","1,7","2,1","3,7","2,8","8,6","3,2","1,2","2,8","18,7","4,4","1,7","1,9","3,3","2,2","4,3","6,2","5,5",7,"2,4","3,4",2,"2,2","2,4","1,3","4,7","3,1","4,2","2,3","2,7","2,2","4,2","2,6",2,"3,2",2,"5,8","3,3","4,8","1,9","1,5","3,2","3,4",3,"5,3","2,4","5,1","6,1","5,5","4,1","2,6",3,"4,5","4,5","2,8","3,3","2,6","2,7","4,1",3,"1,7","3,7","1,5","2,2","2,6","4,9",,
101,8/10/2025,0,"0,1","0,4","0,3",0,0,"0,1","0,2","1,1","0,1","1,3","0,1","5,2","0,4",0,0,0,0,"0,3","0,1",0,"0,1","0,2","0,2",0,0,0,0,0,0,"0,2",0,0,0,0,0,0,0,0,"0,3",0,"0,1",0,0,0,"0,1",0,0,0,0,"0,3","0,2","0,2","0,1","0,3",0,0,"0,1",0,0,0,"0,4",0,0,0,0,0,"6,7","0,2",,
102,9/10/2025,"0,3","0,1","0,5","0,2",0,0,0,0,"0,7","0,1","0,3",0,"3,9",0,"0,1",0,"22,8","0,2","0,2",0,0,"0,2",0,"1,1",0,0,0,"0,3",0,"21,5","12,5","0,3","0,2",0,"0,2",0,"0,3","3,8",0,"0,5",0,0,0,0,"0,2","0,1",0,0,0,0,0,0,"0,2","0,1",0,0,0,"3,6",32,"1,1","0,1","0,5","3,7","7,9","17,9","7,1",0,4,0,,
103,10/10/2025,"0,8","0,3","0,6","0,5","0,4","0,6","1,9","0,3","1,3","0,6","1,3","0,1","5,3","0,3","2,2","0,9","0,4","0,6",2,"3,6",0,"1,5","0,6","0,8","0,6","0,4","0,3",1,21,"0,7",0,"0,4","0,5","1,6","0,9","0,2","0,3","2,5","0,3","2,3","1,1","2,2","0,3","0,3","0,7","0,9","0,4","0,6","0,2","1,4","0,1","0,8",1,"1,2",0,0,"1,9","0,2",0,"0,2","0,4","1,1","8,3","0,1",0,"1,6","0,3","2,2","25,1",,
104,11/10/2025,"7,7","7,9","9,2","2,4","2,6","0,5",2,"3,9",0,"2,7","6,5","17,4",0,"15,5","6,4","11,2","8,8","0,6","0,5","0,6","6,1","1,9","0,8","6,7","0,2","0,5","0,9","2,3","12,4","4,7","23,4",5,"6,2","8,9","17,7","8,4","4,2",11,"1,2","1,4",3,"1,2","0,9","4,4","0,9","1,5",7,"6,1","1,7","1,9","14,4","11,8","14,2","1,1","17,5","5,2",3,"10,4","11,5","11,7","2,1","6,8","6,5","7,7","13,3","3,8","3,1",0,"1,2",,
105,12/10/2025,"7,3",6,"5,7","7,6","9,3","4,1","4,1","1,8","3,2","1,2","0,1","3,2","4,3","3,2","16,2",16,"1,5","24,8","6,6","2,1","3,7","0,6","7,2","14,7",5,"22,8","12,3","10,2","3,4",2,"8,4",18,"10,2","10,3","1,5","24,4",16,"4,4","9,9","1,8","4,8","0,9","11,2",15,"10,7","7,5","15,8","1,5","1,4","1,1","1,3","0,1","1,7","3,7","3,8","2,9","0,7",6,"2,5","5,8","12,2","0,7","1,3","0,7","3,1",5,"11,7","0,9","0,5",,
106,13/10/2025,16,"15,9","13,6","26,4",17,"29,5","11,1","12,6",20,"9,4","9,1","11,3",34,"16,3","18,2","15,1","37,9","28,3","19,7","19,3","19,5","36,3","21,2","21,4","31,5","26,6","36,9","22,8","13,4","18,9","34,4","26,7","37,8",17,"41,4","48,1",27,"8,1","23,2","9,4","8,2","9,9","21,9","28,4",19,"24,1","30,1","27,6","13,8","12,3","17,3","14,5","8,8","10,4","15,2","18,1","25,6","24,8","19,3","16,3","28,7","4,3","11,1","16,8","20,5",20,"23,4","6,5","8,3",,
107,14/10/2025,1,"0,9","0,4",1,"2,3","2,3",1,"0,6",1,"1,5","0,9","0,4","2,6","0,3","0,5","0,4","0,7","0,5","1,2","0,5","0,5","0,4","0,8","1,8","2,4","0,9","1,2","0,3","0,3","0,5","0,4","0,8","1,4","1,1","0,3","0,9","0,7","0,3","0,5","0,5","0,6","0,6","1,5","1,6","0,6","1,1",1,"0,4","0,6","0,2","0,7","0,2","0,5","0,6","0,3","0,3","0,3","0,2","0,5","0,4","0,3","1,2","0,3","0,3","0,6","0,3","0,5","0,6","0,2",,
108,15/10/2025,"0,1","3,7",5,0,"1,7",1,"3,2","0,1","8,5","0,1","10,7","0,7","7,4",0,"0,3","0,7","0,6","0,8","0,9","0,1",0,"0,2","1,1","4,5","1,4","0,6","1,3","1,2","3,2","0,5","0,1","0,8","1,1","0,4","0,9","0,6","0,6","3,7","1,7","4,5","2,8","3,3","1,8","2,5","0,4","0,2",0,0,"0,3",7,0,0,"4,8","1,8","0,3",0,"0,3","0,1","1,5","1,1","0,5","1,3","0,2",0,"0,5",3,"1,8","6,9","4,7",,
109,16/10/2025,"1,3","0,6","0,4","5,1","0,9","1,1","2,2","3,9","2,1","6,3","1,1","3,3","0,8","2,2","0,6","1,6","7,1","2,1","6,2",4,"21,8","18,1","0,6",1,"1,4","3,8","2,7","4,3","28,8","13,2","3,5","2,8","1,3","1,7","65,7","1,8","1,3","11,2","0,9","0,2","0,3","0,4","0,8","0,7","4,6","5,3","3,9","12,7","3,9","17,9","5,1","30,4","0,2",3,"2,7","20,1","18,2","12,2","5,4",4,"3,3","1,6",15,"19,9","1,4",5,"0,8",,"7,3",,
110,17/10/2025,4,"3,3","4,9","13,4","3,7","3,7","2,2","3,1","8,1","10,7","7,8","3,6","10,8","9,8","1,8","1,9","3,3","7,2","6,7","25,1","12,7","5,8","4,2","1,9","3,9","9,6","6,4","1,4",3,"1,7",3,3,"4,8","3,4","3,6","2,2","2,7","2,3","3,2","4,9","1,9","2,5","3,1","3,6","7,7",11,"10,6","6,4","3,2","6,9","10,1","9,5",4,"2,1","5,5","8,3","4,9","3,3","4,9","1,9",13,"18,4","7,2","28,9","6,9","2,1","3,3",,"8,9",,
111,18/10/2025,"1,6","2,4",3,"3,5","1,5","1,4","2,5","2,2","3,9",2,"3,3","1,8","4,2","1,9","1,8","1,8","1,1","1,6",3,"1,6","1,2","11,4","2,4","3,3","1,1",2,"2,3","2,1","2,2",1,"1,8","1,4","1,3","1,8","0,9","1,8","1,5","1,2","2,3","3,1","2,5","2,2","1,1","1,2","2,5","3,6","2,6","4,2",2,"5,9","1,9","1,7","2,5",2,"1,9",1,7,"1,6","0,8","1,2","2,1","1,4","3,4","2,3","1,1","2,9","1,9",,"3,8",,
112,19/10/2025,0,0,0,0,0,0,0,0,0,0,0,0,0,0,0,0,0,0,0,0,0,0,0,0,0,0,0,0,0,0,0,0,0,0,0,0,0,0,0,0,0,0,0,0,0,0,0,0,0,0,0,0,0,0,0,0,0,0,0,0,0,0,"0,1",0,0,"0,1",0,,0,,
113,20/10/2025,0,0,0,0,0,0,"0,1",0,"0,7",0,0,0,0,"0,1","0,1",0,0,0,0,0,0,0,0,0,0,0,0,0,"0,4","0,1",0,"0,1",0,0,0,0,"0,1",0,0,0,0,0,0,0,0,"0,2",0,0,0,0,"0,7",0,0,0,0,0,0,1,0,"0,5",0,0,"0,1","1,2",0,0,0,,0,,
114,21/10/2025,0,0,0,0,0,0,0,0,0,0,0,0,0,"0,2",0,0,"5,1",0,0,"1,1","2,1","1,7",0,0,0,0,0,0,"6,2","0,5",0,0,0,0,"9,6","0,2",0,"14,5",0,0,0,0,0,0,0,0,0,"1,5",0,"1,2","0,3",1,0,0,0,"1,3","1,4","0,1",7,"0,1",0,"0,1","3,5",3,"2,7",0,0,,"1,5",,
115,22/10/2025,"0,9","5,9","6,4","15,2","6,7",2,0,17,0,"16,8","7,9","9,6","0,6","0,4","0,2","0,2","0,8","1,9","1,9","26,7","20,9","27,9","0,9","10,4","0,7","5,3","2,9",0,"0,6","0,6","19,3","0,1","0,1","0,7","0,3","2,6","1,5","0,1","0,4","0,2","0,2",0,0,"2,8","4,9","4,9","18,4","19,9","14,6","4,8","0,4","0,9","2,7","0,1","7,6",17,"13,3",0,"1,4","1,1","1,7","0,3","0,2",0,"3,4",0,"0,1",,16,,
116,23/10/2025,8,"2,2","1,9",6,"2,9","2,2","5,8","1,5","9,3","11,2",13,"1,3","8,7","0,8","13,5","17,2","22,3","6,8","8,9","46,5","5,4","17,5",5,"5,2","2,9","4,2","2,5","15,7","22,5","37,4","40,2","19,2","5,9","20,9","35,4","11,8","9,5","21,1","3,9","3,3",4,7,"1,1",,"5,4","6,2","19,1",,"6,6","41,9","1,6","3,4","4,3","5,2","1,3","4,2","18,1","14,5","40,5",14,"5,1","8,7","17,9","23,8","23,4","7,5","3,5",,"44,1",,
117,24/10/2025,"1,5","2,2",2,"3,9","1,7","1,5","2,2","3,3","3,2","4,5","4,1","2,8","3,4",4,"1,9","1,5","2,2","2,7","3,1","7,5","6,3",5,"2,9","2,3","1,5","2,2","2,3","2,2","4,5",0,"2,7","1,8","1,7","1,6","4,7","1,8","1,3","3,2","2,4","2,6","2,5",2,"1,3","1,7",3,"3,2","3,7","6,4","3,5","5,2","4,7","4,1","2,2","2,5",3,"5,5","4,5","1,7","2,3","1,3","2,3",4,3,"2,2","2,9","1,7","1,8",,"6,6",,
118,25/10/2025,0,0,"0,1",0,0,0,0,0,0,0,"0,5",0,"0,1",0,"0,1",0,"4,1",9,"0,4","0,2","3,3","3,1","0,4","0,1",0,"2,5",0,"4,9",0,"1,6",0,0,0,0,"0,2","0,5","0,7",1,"0,3",0,0,0,0,0,"9,9","0,1",0,"16,7","0,5","11,5",0,"9,6",0,"0,3",0,"8,9","9,1",0,"2,5","1,8","1,1",0,"9,6",1,0,2,0,,"5,2",,
119,26/10/2025,0,"0,1","0,4",0,0,0,0,0,"0,7",0,"1,4",0,"7,4","0,1",0,0,0,0,"0,1",0,"0,2","0,1",0,0,0,0,0,0,"0,1",0,0,0,0,0,"0,1",0,0,0,0,0,0,0,0,0,0,0,0,0,0,0,"0,2","0,2",0,0,0,0,0,0,"0,4",0,0,0,"0,1",0,0,"0,1",0,,0,,
120,27/10/2025,"1,9","0,2",0,"8,7",1,"1,9","3,8","15,5",1,"14,3",0,"6,6","0,1",3,"1,2","1,8",3,"0,5","0,3",0,"0,2","0,1","1,7","0,1","1,2","0,7","2,4",1,"1,6","36,1","11,1","0,9",0,"5,2",2,"1,9",4,"14,3","1,7","1,7","1,1",1,"0,6","0,9","0,8","2,9","9,5","1,3","21,8","5,4","3,7","3,9","0,8","2,8","3,7","0,1","0,7","0,3","4,7","0,9","0,6","4,3","23,3","0,6","4,7","2,2","1,6",,"0,2",,
121,28/10/2025,0,0,0,"0,1",0,0,0,"0,1",0,0,0,0,"1,6","0,2",0,0,0,0,"0,1","0,4",0,0,0,0,0,0,0,0,0,0,0,0,0,0,0,0,0,0,0,"0,1",0,0,0,0,0,"0,1",0,"0,1","0,1",0,"0,5","0,1",0,0,0,"0,1",0,0,"0,2",0,0,"0,4","0,1",0,"0,1","0,2",0,,0,,
122,29/10/2025,0,"0,3","0,1","0,1",0,0,"0,1","0,1","0,1","0,1",0,0,"0,7","0,4",0,0,0,0,"0,1","0,9","1,1","1,1","0,3",0,0,0,0,0,"0,3",0,0,0,0,0,"0,1",0,0,"0,1","0,2","0,1",0,0,0,0,0,0,0,"0,9",0,"0,5","0,9",1,"0,1",0,0,"0,7","0,7",0,0,0,0,"0,4","0,1",0,0,0,"0,5",,"0,6",,
123,30/10/2025,"0,1",0,0,0,0,"0,3",0,0,0,0,0,0,0,0,0,0,0,0,0,0,0,0,0,0,"1,7",0,0,"0,8",0,0,0,"0,5","4,9","0,1",0,0,"0,5",0,0,0,0,0,0,0,0,0,0,0,0,0,0,0,0,0,0,0,0,"17,3",0,"0,5",0,0,0,"0,3",0,"0,3",0,,0,,
124,31/10/2025,0,"0,2",2,"0,1",0,0,"0,7",0,"0,9",0,"0,3",0,"4,6","0,1",0,0,0,0,"0,3",0,0,"0,1",0,"0,8",0,0,0,0,0,0,0,"0,1",0,0,0,0,0,0,0,"1,1",0,"0,1",0,0,0,"0,4",0,0,0,0,0,0,"0,2","0,2",0,0,0,0,0,0,0,"0,2",0,0,0,0,0,,"0,1",,
125,1/11/2025,0,0,0,0,0,0,0,0,0,0,0,0,"0,1",0,0,0,0,0,0,0,0,0,0,0,0,0,0,0,0,0,0,0,0,0,0,0,0,0,0,0,0,0,0,0,0,0,0,0,0,0,0,0,0,0,0,0,0,0,0,0,0,"0,1",0,0,0,0,0,0,0,,
126,2/11/2025,0,0,0,0,0,0,0,"0,3",0,0,"0,5","0,1",0,"0,2",0,0,0,0,0,0,0,0,0,0,0,0,0,0,0,0,0,0,0,0,0,0,0,0,0,0,0,0,0,0,0,0,0,0,"0,1",0,0,0,0,"0,1",0,0,0,0,0,0,0,"0,2",0,0,0,0,0,"0,1",0,,
127,3/11/2025,0,"14,9","0,8",0,"0,4",0,1,0,0,0,0,0,"0,6",0,"1,3","1,5",2,0,"0,1",0,0,0,"0,3","14,3",0,0,"0,2","0,9",0,"3,9","1,5","2,3",0,"0,8","1,2","0,7","1,9",0,"1,1","0,1","0,1",0,"0,4","2,3",0,0,0,0,0,0,0,0,0,"0,3",0,"0,4",0,"3,3",2,"1,1",0,0,0,"3,5","5,4","1,5","0,8","1,1",0,,
128,4/11/2025,0,0,0,0,0,0,0,0,0,0,0,0,0,0,0,0,0,0,0,0,"0,3",0,0,"0,1",0,0,0,0,0,0,0,"0,4",1,0,1,"1,3","0,5",0,0,0,0,0,0,0,0,0,0,0,0,0,0,"0,3",0,0,0,"0,3",0,"0,1",0,0,"0,5",0,0,0,0,"0,1",0,0,0,,
129,5/11/2025,0,"0,5","0,4","1,4",0,0,"0,9","0,4",1,"0,9",5,"0,3",3,"0,4",0,0,0,"0,4","1,9","0,1",1,"0,4","0,2","0,3",0,"0,3",0,0,"0,3","0,4","0,3",0,0,0,"1,3","0,1",0,"0,3","0,4","1,5","0,6","1,4",0,"0,1","0,9","1,9","0,9","0,5","0,3","0,1","0,4","0,6","0,5","0,6","0,3","0,8","0,2",0,"0,8",0,"0,2","1,7",0,0,"0,5",0,"0,4","7,9",0,,
130,6/11/2025,"1,9","3,2","3,4","3,5","1,9","2,1","3,1","3,9","4,2","3,7","5,8","3,2","4,5","3,9","2,3","5,7","2,9","3,1","4,2","2,2","4,5","4,5",3,"2,8",2,"2,7","2,9","1,6","4,2","1,4","3,9","6,3","2,5",2,"3,9","2,8","7,9","3,5","2,6","3,2","2,6",3,2,"1,9","3,6","3,7","3,3","4,1","2,9",4,"3,9","4,7","3,6","2,8","3,5","4,1","3,7","2,8","3,4","2,5",3,"3,3","2,4","1,9","3,6",2,"2,3","4,2","3,3",,
131,7/11/2025,0,0,0,0,0,0,0,0,0,0,0,0,"0,1",0,0,0,"2,2",0,0,0,0,"0,5",0,0,0,0,0,0,"0,5","0,5",0,0,0,0,0,0,0,"0,1",0,0,0,0,0,0,0,0,0,"0,1",0,1,0,0,0,0,0,0,"0,3","4,3",0,0,0,0,"0,1",0,0,0,0,,"0,1",,
132,8/11/2025,0,0,0,0,0,0,0,0,0,0,0,0,"0,1",0,0,0,0,0,0,0,0,0,0,0,0,0,0,"0,1",0,0,0,0,0,0,0,0,0,0,0,0,0,0,0,0,0,0,0,0,0,0,0,0,0,0,0,0,0,"1,3",0,0,0,0,0,"0,4",0,"0,1",0,0,0,,
133,9/11/2025,"0,2",1,"1,7","0,4","0,6","0,1","4,1",0,2,0,"0,6",0,"2,7","0,8","0,3",0,0,"0,2","1,1",0,"0,9",0,"0,5","1,3",0,0,0,"0,2",0,0,0,0,"0,2","0,3",0,0,0,0,"0,4","3,6","3,5","4,7","0,1","0,3","0,7","0,7",0,"0,2",0,0,"0,9",1,"2,1","1,5",0,"0,4",0,0,"0,1",0,"0,3","1,1",0,0,0,"0,3","0,5","1,8",0,,
134,10/11/2025,0,0,0,0,0,0,0,0,0,0,0,0,"0,6",0,0,0,"0,3",0,"0,2","0,5","0,5",0,0,0,0,0,0,0,0,0,0,0,0,0,0,0,0,0,0,0,0,0,0,0,0,0,0,0,0,0,0,0,0,0,0,"0,1",0,0,0,0,0,"0,3",0,0,0,0,0,"0,9",0,,
135,11/11/2025,0,0,0,0,0,0,0,0,0,0,"0,7",0,"1,5",0,0,0,0,0,0,0,0,0,0,0,0,0,0,0,0,0,"0,1",0,0,0,0,0,0,0,0,0,0,0,0,0,0,0,0,0,0,0,0,0,0,0,0,0,0,0,0,0,0,0,0,0,0,0,0,3,0,,
136,12/11/2025,"14,8","5,7","4,3","3,9","7,6","22,6","2,5","0,2","12,3","1,4","7,8","0,2",11,"0,4","21,3","22,4","27,2",2,4,0,0,0,"1,4","5,7","20,5",3,"13,1","9,4",17,"5,2","5,9","24,3",25,"14,7","3,3","11,5","14,8","7,2","1,3","10,6","4,8","6,8","9,8","4,2","2,9",4,"2,1",0,"0,5","2,7","0,2","0,2",7,2,"0,2","2,6",0,"15,9","22,7",23,"21,8","2,9","2,6","5,7","20,8",12,"1,4",4,"0,4",,
137,13/11/2025,"0,2","0,2","0,2","1,8","0,1","0,7","4,9","1,7","0,9","2,9",0,"1,3",1,"0,5",6,"4,3","4,4",2,"1,7","0,5","1,2","0,7","2,5",0,"0,4","0,5","0,8","2,7","10,1","3,4","2,6",4,"3,1","0,3","6,3","6,2",6,"21,6",1,"1,7","1,3","3,2","0,4",0,"1,1","1,9","4,9","0,4","1,9","0,1","0,7","0,6","1,2","3,6",1,"4,9","0,2","4,2","3,4","3,9",2,"3,6","12,7","4,2","3,1","8,1",1,"1,8","0,4",,
138,14/11/2025,"4,1","5,3",6,"3,6","3,4","2,3","1,7","12,8","8,6","6,2","2,9","7,9","11,5","0,8","1,6","1,3","1,3","2,2","1,4","0,4","1,5","0,1","3,2","8,8","2,5","5,9","3,4","0,9","9,4","3,5",4,3,3,"4,3","4,8",3,"5,5","6,8","4,3","2,1","3,2","1,5","3,3","4,1",1,"1,6",12,"0,2","12,4","1,5","0,7","0,5","2,2","1,5","3,5","2,4","0,2","0,3","1,2","1,1","4,1","1,8","14,5","0,6","2,7","1,5","4,9","4,5","0,9",,
139,15/11/2025,"13,8","1,2","2,4","36,8","13,3","13,7","15,6","18,7","0,1","25,8","9,5","21,3","3,6","5,8","4,6","4,6","10,5","32,3","22,2","25,2","17,8",1,"39,4","13,1","14,3",34,"27,6",4,"14,6",8,"7,9","4,9","5,6","11,8","16,3","8,3","4,7","11,3","34,7","6,4","8,7","13,2","22,3",18,"21,8","17,8","37,3","2,8","31,8","5,3","15,6","8,3","3,5","13,7","17,3","25,6","1,7","5,1","14,5","7,8","20,5",17,"7,4","8,8","12,7","5,9","25,6","0,5",6,,
140,16/11/2025,"0,8","0,7","1,9","5,1","1,2","0,7","3,2",9,"0,1","13,5",0,"8,6","1,8","12,9","0,6","0,9","18,4","2,6","7,4","27,3","19,3","44,6",2,2,"0,8",2,"0,5","0,4","7,6","14,2","9,9","1,6","1,2","0,9","15,7","2,7","0,9","3,6","1,7","1,7","1,5","1,5","0,9","1,2","5,1","5,6","5,2","24,8","7,9","19,2","13,5",11,"1,5","3,9","9,5","17,2","24,9","2,3","12,8","3,4","2,3","3,3",3,8,"13,8","5,1","1,4","6,4","21,1",,
141,17/11/2025,"2,8","1,3","1,1","0,5","1,3","0,7",2,"1,2","0,7","0,9","7,5","0,4","0,5","4,9",1,"1,6","0,5",0,"0,3","3,1","0,7","1,4","0,7","1,2","1,2","0,2","0,4",1,"0,6",0,"0,5","0,3","1,1","3,8","0,2",0,"0,2","1,1",0,"1,1","0,7","1,1","0,4","0,9","0,4","2,2","0,2","0,8","0,8","1,3","12,7","0,3","0,6","1,2","0,5","0,5","0,9","0,4","0,5","0,6","0,1","1,1","2,8","0,4","0,4","3,1","0,3","3,1",2,,
142,18/11/2025,"12,2","7,9","7,7","10,9","5,6","6,3","9,3","18,6","8,2","16,3","8,8","8,2","10,2",16,"0,2","5,9","2,6","4,3","10,9",0,"34,3","7,3",3,"4,7","7,7","6,4","8,1",0,"0,1","3,8","12,8","13,3","17,4","7,4",2,"15,2","7,8","0,2","4,8","8,2","4,6","9,5","7,7","7,6","8,2","16,8","16,7","7,5","34,1","0,1","18,3","12,8","5,5","6,5",6,"20,1","2,6",0,"3,2","1,5","8,2","0,4",0,0,"21,9",0,"4,8","0,1",0,,
143,19/11/2025,"0,1",0,0,"0,3",0,"0,2",0,0,0,"0,2",0,0,"0,3",0,0,"0,8",0,"0,1",0,0,0,0,0,0,"0,4",0,0,"0,1",0,0,0,"1,7","0,1","0,5",0,"0,1","1,3",0,0,0,0,0,0,0,0,0,"0,1",0,0,0,"0,1",0,0,"0,1",0,0,0,0,0,"0,6",0,"0,6",0,"0,4",0,"0,1","0,1",0,0,,
144,20/11/2025,"5,4",0,0,"23,3","5,3","4,2",0,"12,4",0,"17,1",0,"15,4",0,"9,2",6,"12,5","51,5","15,8","3,9",0,"6,7","0,1","13,5",0,"9,8","11,5","10,9",1,"1,9","8,5","17,6","6,3",6,"5,1","3,1","15,5","3,3","3,2","11,8",0,0,0,"7,5","1,6","15,8","16,2","28,1","2,8","2,7","6,4","8,4","24,6",0,"0,4","18,3","10,2","4,1","3,6","8,9","22,2","20,1",0,"0,6","3,4","23,2","1,1","3,5",,"7,5",,
145,21/11/2025,"3,4","7,3","4,6",26,6,"4,3",12,5,0,5,"3,3","5,2","1,8","7,6","2,4","3,5","41,2","20,8","13,9","6,2","14,5","6,3","20,3","17,4","3,6","19,4","14,8","1,1","20,2","6,8","65,5","2,6","4,9","5,8","34,9","22,4","2,5","18,9","20,4","2,7","4,4","3,9","5,9","7,8","23,5","10,9","6,9","10,9","4,6","15,2","12,3","17,6","2,9","14,3","5,5","15,2","7,3","2,4","18,1","6,2","13,6","14,5","16,5","3,2",31,"0,2","22,5",,"21,5",,
146,22/11/2025,0,0,"1,3","0,2",0,0,0,0,"0,1",0,0,0,"16,8",0,0,0,0,0,0,"0,1",0,"0,1",0,0,0,0,0,0,0,0,0,0,0,0,0,0,0,0,0,"0,4",0,"0,1",0,0,0,0,0,0,0,0,"0,2","0,1","0,3",0,0,0,0,0,0,0,0,"0,1","0,1","0,1",0,0,0,,"0,1",,
147,23/11/2025,"4,2","7,5","10,4","0,8","1,2",6,"7,9","11,3","4,4","0,3","0,8","4,4","6,6","0,5","0,8","0,1","2,7","13,5",4,"0,5",0,"9,9","3,8","2,4","4,5","22,4","7,9",1,"7,2","15,8","10,4","0,6","10,5","3,5","1,2","1,2",0,14,"2,6","14,7","9,9","10,6","1,7","1,4","5,2","1,5","0,3","4,8","5,1",10,"0,4",0,"16,6","4,7","0,8","0,1","15,1","17,1","16,1","7,9","3,8","2,7","3,5","12,1",11,"2,9",3,,"9,2",,
148,24/11/2025,"4,5","0,6",1,"0,6","1,9","2,3",1,1,"1,7","0,5","2,7","0,2","4,6",0,"0,7","0,6","2,7","0,9","0,8",0,0,0,"1,1",2,"1,8",4,"3,2",2,"1,3","0,7","0,7","0,4","2,6",4,"0,3","0,1","0,7","2,9","1,5","1,5","1,3",1,"1,4","1,9","0,6","0,7","0,4",0,"0,5",0,0,0,"1,2","0,9","0,1","0,1",0,"0,6",0,"0,4",1,"1,7","3,5",1,"2,8","0,8","3,5",,"0,1",,
149,25/11/2025,"0,1","0,3","0,8","0,5","0,2","0,1","0,9","0,3","1,2","0,8","2,1","0,2","2,3","0,2",0,"0,1","0,2","0,4","0,5",0,"0,6","3,8","0,4","0,6","0,2","0,3","0,4","1,8","2,9",0,"0,3","0,1","0,2","0,1","0,2","0,3","0,3","1,7","0,3","1,8","1,1","1,1","0,2","0,3","0,4","0,4","0,5","1,3","0,4","0,8","0,2","0,3","1,2","0,5","0,2","0,2","1,7",0,"0,3","0,3","0,3","0,7",0,0,"0,4","1,3","0,2","1,9","0,5",,
150,26/11/2025,0,0,0,"0,2",0,0,"0,8",0,0,0,0,0,2,1,0,0,0,0,"0,1",0,"0,1","0,5","0,1",0,0,0,0,0,"0,2","0,1",0,"0,1","0,1",0,"0,1",0,0,"0,2","0,1",0,0,"0,1",0,0,"0,2","0,2",0,0,0,"0,2","0,9","0,4",0,"0,4",0,"0,1",0,0,"0,2",0,"0,1","0,3","0,2",0,"0,3",0,0,"0,2","0,6",,
151,27/11/2025,0,"0,3","0,4","0,7","0,2",0,"1,2",0,"0,2","0,3",0,0,"1,5","0,3",0,0,"0,2","0,1","1,3",0,"0,1",0,"0,3","0,3",0,0,"0,1",0,"0,1",0,0,"0,1","0,1",0,"0,1",0,0,0,0,"1,2","0,3","0,7",0,0,"0,7","0,9","0,2","0,1",0,0,"0,1","0,2","0,7","0,9",0,"0,1",0,0,0,0,"0,1","0,3",0,0,"0,1",0,0,0,0,,
152,28/11/2025,"0,8","1,1","1,4","0,6","0,9","0,8","0,6","0,5","1,7","0,2","2,1","0,5","2,9","0,7","1,4","1,3","1,4","0,5","0,4",1,1,"1,2","0,6","1,9","0,8","0,6","0,8","1,2",1,"0,8","1,1","1,1","0,8","1,1",1,1,"1,2",1,"0,7","1,5","0,6","0,5","0,6","0,7","0,5","0,5","0,5","0,9","0,4","0,9",1,"0,7","1,1","0,5","0,5","0,8","0,7","1,4","0,7","1,2","0,6","0,4",1,"1,6","0,8","1,6","0,8",,"0,9",,
153,29/11/2025,0,"0,4","0,3","1,3","0,3","0,4",1,1,"1,4","14,3","3,2","0,6","4,4","1,8","0,4","0,2","0,3","0,5","0,9","18,6","12,3","18,9","0,1","0,5","0,2","0,4","0,5","0,1",0,0,0,"0,3","0,3","0,5",0,0,"0,3",0,0,"1,7","0,2",1,"0,4","0,6","0,4","1,2","1,6","13,6","0,4",0,"6,2",8,"0,8",0,"0,5","9,6","4,2","0,2","0,3","0,4","0,9","16,4",0,"0,1",0,"0,1","0,3",,"1,6",,
154,30/11/2025,0,"4,5","15,1","11,2",0,"0,2",5,"2,8","20,2","12,5","10,1","5,4","32,3","36,6",0,0,0,"1,1",2,"21,4","25,1",12,"6,1",0,"0,1","3,2",10,0,"0,1","0,2",0,0,0,0,0,0,0,0,"13,9",15,7,"7,4","5,8","3,6","1,3","5,6","9,9","14,5","2,5","19,9","45,4","3,1","13,9","2,5","8,7","13,9","14,4",0,"0,2",0,"0,9",25,"0,7",0,"0,6",0,"20,7",,"2,6",,
155,1/12/2025,"0,6",0,0,0,"0,4","0,1","0,1",0,0,"0,2","5,7",0,"0,3",0,"0,1",0,0,0,0,"0,1",0,0,0,"0,4","0,3","0,1","0,1","0,4",0,0,0,0,0,"0,1",0,"0,1",0,0,"0,1",0,0,0,"0,2","0,5",0,0,0,0,0,0,0,0,0,0,0,"0,1",0,"0,1",0,0,0,"1,3",0,"0,2",0,"1,2","0,2","3,4",0,,
156,2/12/2025,"0,2",0,0,"0,6",0,0,"0,1","0,3",0,"0,7",0,"0,3",0,"0,1","1,1","0,8","0,7","0,3","0,4","0,7","0,3","0,3",0,"0,1",0,"0,1","0,1","1,4","1,1",2,"0,5","0,6","0,4","0,5","0,7","0,9","0,9","1,6",0,0,0,0,0,0,"0,5","0,4","0,3","0,3","0,1","0,3","0,5","0,3",0,"0,2","0,4","0,7","0,3","0,7","0,7","0,3","0,2","0,1",2,"1,5","0,5","2,1",0,0,"0,3",,
157,3/12/2025,"2,5",0,0,"0,4",0,"1,7","0,1","0,4",0,"0,5",0,"0,3",0,"0,4",2,1,"0,4",2,1,0,0,0,"0,2",0,"1,2","1,2","0,4","0,2",0,"0,3","0,2",0,0,"0,5","0,1",0,0,"0,4","0,2",0,0,0,"0,4",0,"1,2","1,6","0,2",0,"0,4",0,"0,2",0,0,"0,3","0,2",0,0,0,"0,3",0,"1,6","0,2","0,6",0,"0,2","0,1","0,3",0,0,"0,3",
158,4/12/2025,"0,4",0,0,"0,1","0,2","0,2",0,"0,2","0,5","0,1","0,3","0,1",0,"6,4","0,4","0,4",0,0,0,"3,1",0,0,0,0,"0,2",0,"0,1","0,7",0,0,0,"1,3","0,4","0,5",0,"1,3","1,6",0,0,0,0,0,"0,1","0,1",0,0,"0,1",0,"0,3",0,"11,8",0,0,0,0,0,0,"0,6","0,8","0,8","0,2",0,"0,1","0,4","0,1","2,5",0,"6,8",0,0,
159,5/12/2025,"2,6",7,"9,4","7,6","1,6","1,9","11,6","12,9","6,8","5,9","4,8","22,8","7,7","29,4","5,9","7,5","8,7","4,3","9,1","45,2",0,"22,4","7,9","13,8","1,7","5,5","2,7","1,7","14,7","12,8",32,"3,9","7,4","9,9",16,"6,4","4,1","12,8",5,"8,4","7,3","10,4","5,6","7,2","7,4","10,1","8,6","19,7","14,7","28,4","29,8","32,5","7,3","10,7","34,6",26,"20,3",1,"23,5","2,1","7,1",5,"15,1",1,"16,9","3,3","5,7","4,8","9,3",9,
160,6/12/2025,0,"0,3","2,5","2,8",0,0,"11,4","3,1","1,5","3,1","0,3","0,8","27,8","0,3",0,0,0,"0,1","6,2","7,4","0,1","3,8","0,7",0,0,"0,1","0,1",0,"0,2",0,0,0,0,0,"2,1",0,0,0,"0,1","11,2","2,5","11,5",0,"0,1","1,2","1,9","4,3",13,"0,9","2,1","0,4","0,2",4,7,"0,5","1,9","5,1",0,"2,9",0,0,"4,6","0,1",0,"8,1",0,"0,2","0,5","1,2","5,9",
161,7/12/2025,"0,2",0,"0,3","0,6",0,"0,2","0,9","0,1","0,6","0,5","0,1","0,2","1,9","29,3",0,0,0,"0,4",1,"0,1","1,5","0,6","0,7",0,"0,3","0,3","0,1","0,1","4,9",0,"0,1",0,0,0,"0,1",0,"0,4",0,"0,3","0,6","0,8","1,1",0,0,"0,7","0,9","0,1",1,0,"4,2","27,9","2,1","0,2","0,6","0,3","1,2","0,7",0,"0,1",0,"0,1","24,4","0,1",0,"1,2",0,0,"0,1","0,2",0,
162,8/12/2025,0,0,0,"0,4",0,0,0,0,0,"7,1",0,0,0,"0,1",0,0,"0,2",0,0,"6,6",15,"19,3",0,0,0,0,0,0,0,0,1,0,0,0,0,0,0,0,0,0,0,0,0,0,0,"0,1","0,8","27,8","0,2","0,5","1,1","0,4",0,0,0,"4,5","31,2",0,0,"0,4",0,"5,9",0,0,0,0,0,"0,1","0,1","0,7",
163,9/12/2025,"0,4",0,0,0,0,0,0,0,0,0,0,0,0,0,"1,9","4,8","0,6",0,0,0,0,0,0,0,0,0,0,"1,8",0,0,"2,9","0,2",0,"2,2","1,8",1,"5,2",0,0,0,0,0,0,0,0,0,0,0,0,0,0,"0,6",0,0,0,0,0,0,"1,6","0,7","0,7",0,0,"2,7","5,3","0,2",0,0,0,0,
164,10/12/2025,0,0,0,0,0,0,0,0,0,0,0,0,0,0,0,0,0,0,0,0,0,0,0,0,0,0,0,"0,1",0,0,0,0,0,0,0,0,0,0,0,0,0,0,0,0,0,0,0,0,0,0,0,0,0,0,0,0,0,0,0,0,0,"0,2",0,"0,1",0,"0,1",0,"0,2",0,0,
165,11/12/2025,0,"0,1",0,"0,1",0,0,"0,6","0,1",0,"0,7","0,4",0,"0,5","0,7",0,0,0,0,"0,3",0,"0,2","1,3",0,"0,3",0,0,0,"0,4",0,0,0,0,"0,1",0,0,0,0,0,0,"1,1",1,2,0,0,0,"0,1","0,3","2,2",0,"0,2","0,4",0,"0,4",0,0,0,"0,8","0,5",0,0,0,"0,1",0,0,0,"0,3",0,"0,1",0,"0,1",
166,12/12/2025,0,0,0,0,0,0,"0,1",0,0,0,0,0,0,0,0,0,0,0,0,0,0,0,0,0,0,0,0,0,0,0,0,0,0,0,0,0,0,0,0,0,0,"0,1",0,0,0,0,0,0,0,0,0,0,0,0,0,0,0,0,0,0,0,"0,2",0,0,0,0,0,0,0,0,
167,13/12/2025,0,0,0,0,0,0,0,0,0,0,0,0,"0,1",0,0,0,0,0,0,0,0,0,0,0,0,0,0,0,0,0,0,0,0,0,0,0,0,0,0,0,0,0,0,0,0,0,0,0,0,0,0,0,0,0,0,0,0,0,0,0,0,"0,2",0,0,0,0,0,0,0,0,
168,14/12/2025,0,0,0,"0,8",0,0,0,0,0,"0,3",0,0,0,0,"5,4","0,3",0,0,0,"1,8",0,0,0,0,0,0,0,"7,7",0,0,0,0,0,"0,2",0,0,0,0,0,0,0,0,0,0,0,0,"0,3",0,0,0,0,0,0,0,0,0,0,"0,5",0,0,0,"0,1","0,1","5,6",0,"7,7",0,0,0,0,
169,15/12/2025,0,0,0,0,0,0,0,0,0,0,0,0,0,0,0,0,0,0,0,1,"6,8","20,1",0,0,0,0,0,"0,1",0,0,0,0,0,0,0,0,0,"0,2",0,0,0,0,0,0,0,0,0,"10,7",0,"3,1",0,"0,1",0,0,0,"0,1","19,2",0,0,0,0,0,0,"0,1",0,"0,2",0,0,"5,8",0,
170,16/12/2025,0,0,0,"1,3","0,1","1,8",0,"24,3",0,"0,5",0,"22,5",0,"1,5",0,0,"1,1","1,5","0,1","28,8","17,7","1,4","0,4","0,7","0,3","0,8","1,1",0,"12,1","11,7","4,7","8,8","4,6",0,"33,3","0,2","0,1","2,7","2,4",0,0,0,"3,5","0,2","0,5","1,1","1,3","4,6","24,3","9,5","4,6","9,6",0,"0,1",24,0,"1,2",0,"2,9",0,"2,8",0,"0,4",0,"2,3",0,"2,2",0,"10,6","8,5",
171,17/12/2025,0,0,0,"3,9",0,"0,7",0,"13,3",0,"1,7",0,"31,4",0,"0,2",0,"0,1",1,9,"2,6",0,"9,8","8,8","13,1",0,"0,2","10,6","2,3",0,"1,5","0,5","11,1","0,8","1,7","0,1","20,2","2,3","0,5","0,5","10,3",0,0,0,0,0,"12,2","2,9","4,6",8,"8,4","16,9","0,1",2,0,"0,7","27,7",0,"8,8",0,3,"0,6","3,5",0,"0,1","0,1","7,5",0,"4,8",0,"16,1","5,3",
172,18/12/2025,"0,6","0,1",0,"1,7","0,3","0,4",0,"3,7",0,"0,1",0,"5,7",0,"1,7","5,6","1,5","6,9","8,1","0,2",0,"8,7",1,"2,7","0,1","0,8","5,2","1,7","9,3","4,8","10,6","1,3","0,9","0,7","2,1","10,9","7,6","2,5","0,5","1,1",0,0,0,"0,9","0,5","6,1","0,9","1,2","0,6","2,6","10,8","0,6","4,2",0,"0,4","8,4",0,"0,9","5,2","5,4","3,1",6,"0,1","1,8","7,8","2,7","17,2","1,5",0,"1,7","4,1",
173,19/12/2025,0,0,0,"0,1",0,0,0,0,0,0,0,0,0,0,0,0,0,0,0,0,0,0,0,0,0,0,0,0,0,0,0,"0,1",0,"0,1",0,0,0,0,0,0,0,0,0,0,0,0,0,0,0,0,0,0,0,0,0,0,0,0,0,"0,1",0,0,"0,1","0,1",0,0,0,0,0,0,
174,20/12/2025,0,0,0,0,0,0,0,0,0,0,0,0,"0,1","0,1",0,0,0,0,0,0,0,0,0,0,0,0,0,0,0,0,0,0,0,0,0,0,0,0,0,0,0,0,0,0,0,0,0,0,0,0,"0,3",0,0,0,0,0,0,0,0,0,0,"0,1",0,0,0,"0,1",0,0,0,0,
175,21/12/2025,"2,6","0,9","0,6",0,"1,1","0,1","0,5",0,"1,3","0,5","4,9",0,"1,3",0,0,"1,3","1,9","0,1",0,"0,3",0,0,"0,4","2,6","0,2",0,"0,3",0,31,"15,5","0,2",0,0,"5,4",12,0,"0,2","20,3",0,"0,2",0,0,"0,1","0,4",0,0,0,0,0,"1,8",0,0,"0,2","0,4","0,1",0,"0,1","0,3","2,6","0,8",0,"0,4","19,8","3,4","1,9","0,1",0,"2,9","0,6",0,"4,5"
176,22/12/2025,0,"1,2","0,8","9,3","0,3","0,9","0,4","15,3","1,2","7,7",0,"12,4","0,1","11,2",0,0,"0,8","3,9","1,7","22,8","24,6","7,6","2,2","0,8","0,3",3,"3,4",0,"1,5",0,"5,7","0,1","0,8","0,1","12,5",1,0,0,"3,5","0,7","0,6","0,3","2,5","1,2","2,7","5,5",9,"5,7","12,1","9,1",8,"27,2","0,4","1,3",10,0,"5,1",0,"19,6",0,"5,3","0,2",0,0,"6,9",0,4,0,"2,6","5,4","1,7"
177,23/12/2025,"0,2",0,0,0,"0,1",0,0,0,0,"0,2",0,0,0,0,"0,9","0,4",0,0,0,"0,1","0,3","0,6",0,"0,9","0,1","0,1","0,2","1,6",0,0,"0,1",0,"0,1",1,0,"0,3",0,0,"0,1",0,0,0,0,"0,1",0,0,0,"0,8",0,0,"0,1",0,0,0,0,0,"0,1",0,0,0,"0,2",0,0,0,0,"1,8","0,1",0,0,0,"0,1"
178,24/12/2025,"0,2","0,1","0,1",0,"0,1",0,0,0,"0,1",0,"1,1",0,"0,1","0,1",0,0,0,0,0,0,0,0,0,"0,7","0,1",0,0,0,0,"0,2",0,0,0,"0,2",0,0,0,"0,1",0,0,0,0,0,"0,1",0,0,0,0,0,0,0,0,0,0,0,0,0,"0,1","0,1",0,0,"0,2","0,3",0,0,"0,1",0,"0,6",0,0,"8,1"
179,25/12/2025,0,0,0,0,0,0,0,0,0,0,"0,1",0,0,0,0,0,0,0,0,0,0,0,0,0,0,0,0,0,0,"0,1",0,0,0,0,0,0,0,0,0,0,0,0,0,0,0,0,0,0,0,0,0,0,0,0,0,0,0,0,0,0,0,0,0,0,0,0,0,"0,6",0,0,"5,3"
180,26/12/2025,0,0,0,0,0,0,0,0,0,0,0,0,0,0,0,0,0,0,0,0,0,0,0,0,0,0,0,0,0,0,0,0,0,0,0,0,0,0,0,0,0,0,0,0,0,0,0,0,0,0,0,0,0,0,0,0,0,0,0,0,0,0,0,0,0,0,0,0,0,0,0
181,27/12/2025,0,0,0,0,0,0,0,0,0,0,0,0,0,0,0,0,0,0,0,0,0,0,0,0,0,0,0,0,0,0,0,0,0,0,0,0,0,0,0,0,0,0,0,0,0,0,0,0,0,0,0,0,0,0,0,0,0,0,0,0,0,0,0,0,0,"0,1",0,0,0,0,0
182,28/12/2025,0,0,0,0,0,0,0,0,0,0,0,0,0,0,0,0,0,0,0,0,0,0,0,0,0,0,0,0,0,0,0,0,0,0,0,0,0,0,0,0,0,0,0,0,0,0,0,0,0,0,0,0,0,0,0,0,0,0,0,0,0,0,0,0,0,0,0,0,0,0,0
183,29/12/2025,0,0,0,0,0,0,0,0,0,0,"0,2",0,0,0,0,0,0,0,0,0,0,0,0,0,0,0,0,0,0,0,0,0,0,0,0,0,0,0,0,0,0,0,0,0,0,0,0,0,0,0,0,0,0,0,0,0,0,0,0,0,0,"0,3",0,0,0,0,0,"1,7",0,0,0
184,30/12/2025,"0,2","0,4","1,6","1,4",0,"0,2","0,9","1,1","1,2","2,2","0,9","1,1","3,2","0,8","0,1","0,1","0,2","1,2","2,1","0,7",0,0,"0,4","0,6",0,"0,7","0,3",0,0,0,"0,2","0,3","0,4","0,2",0,"0,3","0,2",0,0,"0,2","0,1","0,4",0,0,"2,1","2,1","1,2",0,"0,3",0,"1,3","0,1","0,3",1,1,0,0,"1,1",0,"0,8","0,6","1,9",0,"0,1",0,"0,1","0,1","6,8",0,"0,4","0,2"
185,31/12/2025,0,0,0,0,0,0,0,0,0,0,0,0,"0,6",0,0,0,0,0,0,0,0,0,0,0,0,0,0,0,0,0,0,0,0,0,0,0,0,0,0,0,0,0,0,0,0,0,0,0,0,0,0,0,0,0,0,0,0,0,0,0,0,"0,9",0,0,0,0,0,"0,5",0,0,0
186,Número de Registros,184,184,184,184,184,184,184,184,184,184,184,184,184,184,184,184,184,184,184,154,184,184,184,184,184,183,184,184,184,184,184,184,184,184,184,184,184,184,184,184,184,184,184,183,182,184,184,183,184,184,184,184,184,184,184,184,184,184,184,184,184,184,184,184,184,184,184,159,184,29,11
187,IISEMESTRE2025,2120500202,21202250,21202230,2120500201,21202180,21206810,21202190,21202220,21201580,21201980,21201200,21202240,21206900,21206890,21206780,21208480,2120000108,2120000119,2120000117,2120000104,2120000103,2120000105,2120000107,2120000106,2120700038,2120700154,2120700037,2120000142,2120000099,2120000109,2120000100,2120000123,2120000124,2120000101,2120000120,2120000125,2120000122,2120000118,2120000130,2120000126,2120000129,2120000128,2120000131,2120000132,2120000134,2120000133,2120000136,2120000137,2120000135,2120000138,2120000139,2120000140,2120000127,2120000169,2120000170,2120000171,2120000172,2120000173,2120000174,2120000175,2120000121,Por asignar,2120700156,2120700157,2120700211,2120700158,2120500203,Por Asignar,Por Asignar,Por Asignar,Por Asignar
188,FECHALECTURA,Col Sierra Morena,Doña Juana,UAN Usme,Vitelma,Quiba,San Benito–río Tunjuelo,Juan Rey,Paraíso,Pasquilla,Guadalupe,La Unión,UAN Circunvalar,La Esperanza,Cerro Cazadores,Independencia–río Tunjuelo,Kennedy–río Tunjuelo,FOPAE–IDIGER,Col Alemania Unificada,Col Moralba Suroriental,COLMAC,Cerro Norte,El Codito,La Fiscala,Gran Bretaña,San Francisco–qda Limas,Molinos–qda Chiguaza,Casas Fiscales Artillería,Col Carlos Pizarro,Col 21 Ángeles,Col Rodolfo Llinás,Col Francisco Primero S.S.,Col La Chucua,Col Rafael Uribe Uribe,Altos de la Estancia,Col Gustavo Morales Morales,Col Sorrento,INEM Fco de Paula Santander,Col Alberto Lleras Camargo,Col Paulo Freire,Col Ciudad de Villavicencio,Col Ofelia Uribe,Col Gabriel Garcia Márquez,Col Antonio García,Col El Tesoro de la Cumbre,Col Los Alpes,Col El Manantial,Col Los Pinos,Col Friedrich Naumann,Col Manuel Elkin Patarroyo,Col Nueva Zelandia,Esc Pedagógica Experimental,Fund Ana Restrepo del Corral,Col Eduardo Umaña,Col La Belleza,Col Simón Rodríguez,Col Agustín Fernández,Col Unión Colombia,Col Carlo Federici,Col Magdalena Ortega Nariño,Col La Felicidad,Col Gustavo Restrepo,La Viga,Chicú–río Bogotá,La Ramada–río Bogotá,Cra 56B–canal río Salitre,El Tabaco–río Bogotá,Gravilleras–río Tunjuelo,Nazareth,Escuela Col Ingeniería,Palomar Príncipe IDPC,San Juan Sumapaz
237,18/08/2025,"0,6","0,6","0,8","0,9","0,6",1,"3,1",2,"2,4","1,4","0,6","1,4","2,7","1,4","0,5","0,6","0,8","1,1","1,7","0,3","0,5","0,2","1,7","0,9","1,1","1,4","1,4","0,6","0,1","0,2","1,3","0,7",1,"0,7","0,1","6,7","1,8","0,1","1,1",2,"2,2","3,1","0,7","0,7","1,2","1,9","0,5","0,2","1,8",0,"0,3","0,6","1,1","2,2","1,2","0,3","0,1",1,"0,5","1,5","0,9","0,8","0,1","0,4","0,5","0,4","1,1","4,6","0,4",,
238,19/08/2025,"0,1","0,1",0,0,"0,1",0,"0,6","0,1",0,0,"0,3",0,"0,4","0,7","0,2",0,1,0,"0,2","3,4","0,1",1,"0,1","0,3",0,0,0,"0,5","0,4","0,3","0,2",0,0,"0,1",0,0,0,"0,5","0,1","0,3","0,1","0,4","0,2","0,1","0,1","0,1",0,"0,1",0,"0,6","0,9","0,1","0,1","0,3","0,2",0,"0,2","2,7","0,1","1,3",0,"0,3","0,4","3,3","0,2","0,1","0,1","2,8","0,7",,
239,20/08/2025,0,0,0,0,0,0,0,0,0,0,0,0,"0,1",0,0,0,0,0,0,0,0,0,0,0,0,0,0,0,0,0,0,0,0,0,0,0,0,0,0,0,0,0,0,0,0,0,0,0,0,0,0,0,0,0,0,0,0,0,0,0,0,0,0,0,0,0,0,0,0,,
240,21/08/2025,"0,5","1,1","1,1","0,1","1,6","1,4","1,3","0,1",3,"0,8",5,0,"6,6",0,"0,2","0,4",0,"0,2","0,5",0,0,"0,1","0,6","4,2",1,"0,3","1,6",0,0,0,0,"0,4","0,7","0,9",0,0,0,0,"0,5","2,3","0,9","1,5","1,6","2,2","0,1","0,1","0,8",0,0,0,0,0,"1,2","0,6",0,0,0,"0,6",0,"0,5","0,2","1,3",0,"0,5",0,0,"0,7","3,3",0,,
241,22/08/2025,0,0,0,0,0,0,0,0,0,0,0,0,"0,2",0,0,0,"1,5",0,0,"0,1",0,0,0,0,0,0,0,0,"0,3","28,2",0,0,0,0,"0,2","0,9","0,2","2,3",0,0,"0,2","0,2","0,1",0,0,0,0,0,"0,7",0,0,0,0,0,0,0,0,"1,5","1,6","0,8",0,"0,1",8,7,"0,4",0,0,0,0,,
242,23/08/2025,1,"2,4","3,7",2,3,"1,8","3,7","0,3","3,1","1,7","1,3","0,3","4,7","4,6","1,1",1,"0,5","2,1",4,"2,1","0,3","0,6","5,4","1,9","2,4","2,4","2,4",1,"0,3","0,1","0,5",1,"1,2",1,"0,3","0,3","0,7","0,1","3,1","3,9",1,"1,4","3,4","1,7","2,8","2,7","1,6","0,4","0,3","0,9","5,7","0,5","3,3","4,5","0,7","0,1","0,5","1,4","0,6","1,3",2,"1,1","0,1","2,1","0,8","0,1","2,4","3,7","0,1",,
243,24/08/2025,"8,7","7,8","7,3",8,"7,8","6,1","10,6","8,5","7,9","6,2","15,3","8,2","13,3","4,6","11,2","10,1","3,4","7,8","10,4","3,3","3,2","2,7",9,12,"7,3","7,1","6,8",7,2,"2,4","5,9","7,6","5,9","9,3","2,1","6,1","7,8","2,5","8,9","10,8","10,8","10,8","6,5","7,8","9,3","9,3","5,8","2,9","7,5","2,4","4,2","2,9","9,4","8,5","7,4","2,5","2,6","5,7","2,4","5,6","5,8","4,6","2,8","4,1","3,1",7,8,"14,3","2,2",,
244,25/08/2025,0,"0,1","0,4","1,6",0,"0,1",3,"0,3","1,9","0,4","0,4","0,1","1,6","0,7",0,0,"0,4","0,5","4,5","0,3","0,4","0,5","0,4",0,0,0,0,0,"0,1",0,0,0,0,0,0,0,"0,1",0,"0,1","1,8","0,5","0,9",0,0,"1,9","1,6",0,"0,3","0,1","0,2","0,6","0,4","1,4","2,3","0,1",0,"0,1",0,"0,1",0,0,"1,7",0,"0,4","0,2",0,0,"0,6","0,2",,
245,26/08/2025,0,"3,1",5,"2,4","0,4",0,"13,6","0,4",3,"2,3","2,3","0,1","10,6","0,7",0,0,0,"1,3","8,3","0,6",0,0,"2,5","2,3",0,"0,7",0,0,0,"0,1",0,0,"0,1",0,"0,3",0,0,"0,7","2,2",15,"8,1","11,4","0,2","0,2","3,9","3,8","0,2",0,0,0,1,"0,2","9,9","8,6","0,2",0,0,0,0,0,0,"3,9","0,2","0,1",0,0,"1,4","12,5",0,,
246,27/08/2025,0,"0,7","1,2","11,1","0,2","0,7","10,8",1,"1,7","9,7","1,4","0,5","7,1","2,1",0,0,0,7,"15,9","0,1","0,9","0,2","4,5","2,3",0,"2,3","1,3",0,0,"0,1",0,"0,3","0,9",0,0,0,0,0,"1,4","3,6","1,5",4,0,0,"8,4","5,9","2,5","0,2","0,5",0,"2,2","0,7",3,"7,4","0,4","0,1","0,1",0,"0,1",0,"1,4","5,3",0,0,0,0,"0,2","1,7",0,,
247,28/08/2025,0,"1,1","0,5","0,6","0,2","0,2","1,5","0,2","0,8","2,4","3,9",0,"3,1","0,6",0,0,0,"0,1","0,6",0,"0,3",0,"0,5","1,5","0,1","0,2","0,1",0,0,"0,2",0,"0,1",0,0,"0,3","0,1",0,0,"0,6","1,4","0,6","1,2",0,0,"0,2","0,5","1,2","0,1","0,1",0,"1,3","0,8","0,7","1,2","0,1",0,0,0,0,0,"0,1","2,6",0,0,0,0,"0,2",8,0,,
248,29/08/2025,"4,2",2,"1,7",4,"3,4","3,9","2,6","5,6","1,6","4,2","2,3","5,3","5,7","3,3","3,6","4,4","1,4","3,7","3,5","2,7","3,2","3,1","2,8","2,3","3,7","3,7","4,4","1,9","1,5","1,8","2,7","4,5","5,9","5,1","1,6","4,7","4,1","1,6","2,1","3,4","2,3","3,8",3,"2,8",3,"4,1","3,5","3,1","4,9",2,"2,5",2,"1,9","2,9","5,1","2,3","2,6","2,7","1,4","2,6",4,"4,3","1,5","2,2","1,3","1,8",2,"2,9","1,7",,
249,30/08/2025,"1,9","3,9","4,2","5,1","2,6","2,8","5,2","4,3","4,4","4,6","4,2","3,7","8,6","3,8","2,1","2,2","3,2","4,4","5,5",4,"3,9","4,2",4,"3,6",3,"3,8","3,2",2,"2,7","2,7","3,9","3,2","3,4","2,4","3,2","4,6","3,6","2,7","4,1","5,6","4,1","5,5",2,"2,4","4,5","5,5","3,3","2,8","4,2","3,2","4,7","4,3","4,7","4,4","3,2",3,"3,1","5,5","2,8","11,7","4,2","5,8","2,2","5,4","3,8","2,8","3,3","6,8","3,5",,
250,31/08/2025,"0,1","0,2","0,1","1,1","0,1","0,2","0,1","0,7","1,6",1,3,"0,3",2,"3,5","0,2","0,2","0,3","0,1","0,2","0,5","0,3","0,9","0,1","0,3","0,1","0,1","0,1","1,2","0,1","0,1","0,1","0,1","0,1","0,2",0,"0,2","0,3","0,1","0,1","0,8",1,"0,3","0,1","0,1",0,"0,1","0,2","1,3","0,5","0,3","3,9",0,"0,4","0,1","0,4","0,1","0,5","0,2",0,0,"0,2","0,9","0,2","0,4","0,1","0,3","0,2","1,6","0,4",,
251,01/09/2025,"0,6","0,4","0,7","0,8",2,"1,9","1,1","1,3",1,"1,3",1,"0,5","4,8","0,6","0,7","1,2","0,6","0,5","0,7","2,4","1,8","2,2","0,4","2,7","1,5","0,6","1,3","0,5","1,2","1,5","0,4","1,7","2,8","1,8","0,2","1,2","1,4","1,6","0,8","1,8","0,5","0,8","1,4","1,2","0,3","0,6",0,"0,8",1,1,"0,8","0,9","0,9","0,3","0,7","1,1","0,8","0,2","0,6","0,7","1,3","2,9","0,7","0,6","0,2","1,3","1,1","1,6","0,9",,
252,02/09/2025,"0,1","0,6","0,7","1,5","0,2","0,3","3,8","2,2","1,8",3,"1,1","1,3",3,1,0,0,"0,1","0,6","3,1","1,6",0,"0,4","1,6","1,1","0,2","0,6","0,3",0,0,0,"0,4",0,"0,1","0,1",0,"0,4",0,0,"0,7","2,4","1,7","3,9","0,2","0,2","1,9","2,7","0,8",0,"1,5",0,"1,3","0,4","1,3","3,5","1,1",0,0,"0,4",0,"0,4","0,4","1,9",0,"0,1",0,0,"0,7","0,6","0,1",,
253,03/09/2025,1,"0,7","0,9",3,"0,3","0,6","3,4","3,2","2,2","1,8","1,6","1,6","3,4","3,3",0,"0,1","0,5","0,5",2,"0,2","1,7","0,1","0,4","0,8","0,9","0,2","0,2",0,0,0,"0,3","0,5","1,2","1,1","0,3",0,0,0,"0,4","3,4","3,7","4,9",0,"0,1","0,8","1,4","0,4","0,3","1,2",0,"1,3","3,9","2,5","1,5","1,6","0,9",0,"0,3","0,5","0,1","1,1","3,2",0,"1,3","0,7","0,1","0,1","7,7",0,,
254,04/09/2025,"11,2","14,3","13,4","11,7","14,2","10,7","22,1","11,5","14,4","13,1","11,3","9,2","25,2","12,6","8,8","9,7",5,12,"19,7","10,5","7,3","5,9","14,8","18,7","12,1","11,5","14,4","6,5","4,8","5,2","5,3","10,9","11,8","12,7","3,7","8,4","8,9","2,9","14,1","24,6","17,6","22,1","12,2","11,9","14,4","12,8","8,5","4,8","9,5","2,8","12,2","5,4","17,8",19,"7,9","4,7","3,3","6,3","5,2","6,2","9,3",13,"3,3","4,5","5,5","6,6","14,3","16,6","2,7",,
255,05/09/2025,0,"2,9","3,3",3,"0,7","0,4","7,3","1,1","3,8",4,"3,9","0,7","9,9","0,8","0,1","0,2","0,1","1,5","5,4","0,9","1,9","0,2","1,6","3,1","0,2","1,1","0,6",0,"0,5","0,1","0,1","0,4","0,6","0,1","0,1","0,5","0,4","0,4","1,5","5,9","3,5","5,6","0,4","0,5","2,9","2,6","2,3","0,1",1,"0,1",1,"0,5","3,3","4,8","0,8","0,8",0,"0,1",0,"0,1","0,7","3,5","0,4","0,6",0,0,"1,7","8,6","0,1",,
256,06/09/2025,0,0,0,0,0,0,"1,7","0,1","0,4",0,0,"0,1","0,9","0,2",0,0,0,"0,1","0,8","0,5","0,6","0,2","0,2",0,0,0,0,0,0,"0,1",0,0,0,0,0,0,0,0,"0,3",0,0,"0,4",0,0,"0,2",0,0,0,0,0,0,"0,1",0,"0,5","0,1","0,1",0,"0,1",0,0,0,"0,2",0,0,0,0,0,"0,1","1,4",,
257,07/09/2025,"0,9",1,"0,7","3,1","0,9","1,5","1,8",1,"0,4","1,6","1,5","0,7","2,6","0,9","0,6","1,7","4,4","1,7","1,9","1,6",2,"5,2","0,5","1,6","1,1",1,"1,2","0,1","0,6","2,8","0,4","1,5","2,1","1,4","0,3","1,6","0,5","0,2","0,9","1,4","0,7","1,3","0,5","0,6","1,6","2,9","1,4",2,"0,4",3,"1,3","1,1",1,"1,3","0,5","0,9","3,1","1,5","1,4","0,2","1,4","3,4","2,1","3,1","1,6","0,4","0,9","10,4","3,1",,
258,08/09/2025,0,0,0,"0,1",0,0,0,0,0,0,0,0,"0,4","0,1",0,0,0,0,0,"0,3","0,4","0,1",0,0,0,0,0,0,0,0,0,0,0,0,0,0,0,0,0,0,0,0,0,0,"0,2","0,1",0,"0,1",0,0,"0,2",0,0,0,0,"0,2",0,0,0,0,0,"0,3",0,0,0,0,0,"0,4","0,1",,
259,09/09/2025,0,0,0,"0,2",0,0,"0,5",0,0,"0,5",0,0,"0,1","1,1",0,0,0,0,"0,2",0,0,0,0,0,0,0,0,0,0,0,0,0,0,0,0,0,0,0,0,0,0,"0,1",0,0,"0,1","0,6",0,0,0,0,"0,6",0,0,"0,2",0,0,0,0,0,0,0,"0,6",0,0,0,0,0,"0,2",0,,
260,10/09/2025,0,0,0,0,0,0,"0,9","0,1","0,9",0,"0,8","0,1","0,9","0,1",0,0,0,0,"0,1","0,1",0,0,0,0,0,0,0,0,0,0,0,0,0,0,0,0,0,0,0,"0,1",0,"0,1",0,0,,0,0,0,0,0,"0,7",0,0,"0,1",0,0,0,0,0,0,0,"0,6",0,0,0,0,0,"2,3",0,,
261,11/09/2025,0,0,0,0,0,0,"0,1",0,"0,5",0,0,0,"0,8",0,0,0,0,0,"0,1","0,1","0,1","0,1",0,0,0,0,0,0,0,0,0,0,0,0,0,0,0,0,0,0,0,0,0,0,,0,0,0,0,0,"0,2","0,1",0,0,0,0,0,0,0,0,0,"0,3",0,0,0,0,0,"1,7",0,,
262,12/09/2025,"0,1","0,5","1,1","2,5","0,3","0,3","2,1","1,4",0,"1,9",0,"1,2","1,4","0,7","0,1","0,3","0,8","1,2","3,4","0,5","0,7","0,8","0,9","0,5","0,5","0,4","0,4",0,0,0,"0,6","0,5","0,5","0,2",0,1,"0,5","0,3","0,5",2,"1,1","1,5","0,3","0,2","1,8","2,9","1,6","0,4","1,2","0,1","0,5","0,2","1,2","1,5","1,1","1,2","0,3","0,1",0,"0,2","1,2","2,7","0,4",0,"0,2",0,"0,2","1,6","0,3",,
263,13/09/2025,0,0,0,0,0,0,0,0,0,0,0,0,0,0,0,0,0,0,0,0,0,0,0,0,0,0,0,0,0,0,0,0,0,0,0,0,0,0,0,0,0,0,0,0,0,0,0,0,0,0,0,0,0,0,0,0,0,0,0,0,0,"0,1",0,0,0,0,0,0,0,,
264,14/09/2025,"7,1","11,8","12,8",10,"9,5","8,8","16,1","6,2","12,4","9,5","15,1","5,2","20,4","4,3","5,8","6,1","2,3","9,9","12,9",0,"0,7","0,3","9,6",13,"8,4","9,4","12,3","4,3","0,6","0,8","3,8","6,8","7,4","8,7","1,4","5,7","5,9","0,8",10,20,"13,3","17,8","9,5","10,1","12,7","11,4","6,4","0,4","5,7","0,4","4,2",2,"15,2","12,6","4,8","0,7","0,2","3,4","1,9","3,9",9,"11,2","0,5","1,4","3,4","4,2","10,9","11,4",0,,
265,15/09/2025,"3,3","1,5","2,7","2,5","3,1","2,4","4,5","1,3","3,2","2,9","1,5","1,1","11,8","0,5","3,4","2,8","0,9",2,"4,3","1,7","1,9","0,2","1,4","3,9","3,1","1,6","3,2","2,3","0,3","0,5","0,9",3,"2,3","4,8","0,5","2,5","2,8","0,3","1,3","6,2","2,5","4,4","1,8","2,1","2,2","2,8","1,6","0,8","1,5","0,1","0,6","0,7","3,7","2,4","0,8","0,9","0,1","1,3","0,5","1,3","2,4","4,1","0,1","0,6","0,6",2,"1,5","3,2","0,2",,
266,16/09/2025,0,0,0,0,0,0,0,0,0,0,0,0,0,"0,1",0,0,0,0,0,0,0,0,0,0,0,0,0,0,0,0,0,0,0,0,0,0,0,0,0,0,0,0,0,0,0,0,0,0,0,0,0,0,0,0,0,0,0,0,0,0,0,"0,1",0,0,0,0,0,"0,1",0,,
267,17/09/2025,0,"0,5",0,"0,4",0,0,"0,7",0,"2,6",0,"0,1",0,"1,8",0,0,0,0,"0,4","1,5",0,0,0,"1,6",0,0,"0,1",0,0,0,"0,1",0,0,0,0,"0,3","0,3","0,1",0,"0,3","1,5","0,1","0,6","0,1",0,"0,1","0,3",0,0,"0,1",0,0,0,"0,5","0,9",0,0,0,0,0,0,0,"2,4",0,0,0,0,"0,2",8,0,,
268,18/09/2025,"7,9","4,6","0,9","3,8","4,7","6,5","2,1","2,6","1,3","1,5","1,9","2,1",2,"3,4","5,7","4,7","2,3",2,"2,8","0,5","0,4","2,2","2,6","6,8","7,6","4,2","7,7","2,6","1,1",1,"4,8","8,1","5,8","10,4","0,5","5,7","3,9","5,8",3,"2,1","0,8",1,"4,2","3,7","1,9","3,8",1,"0,1","2,8","1,5",3,"0,5","0,8",2,"2,7","0,2","0,5","5,2","1,4","3,3","7,7","3,4","7,3","4,9","2,5","4,4","3,7","2,3","0,7",,
269,19/09/2025,"5,2","0,8","1,7","5,9",2,5,"3,5","1,3","2,1","1,7","2,1","1,1",5,"1,8","15,8","10,1","1,8","7,8","4,3","0,8","0,7","1,6","3,1","1,2","3,4",5,4,"8,7",20,"26,6","2,4","4,5","4,1","10,6","0,8","3,3","9,2","49,7","2,8","4,4","2,3","3,1","1,4","1,3","3,2","2,7","4,2","1,1","1,8","44,3","1,3","0,5","2,9",3,"0,9","0,5","0,8","2,5",16,"2,3","3,3","6,5","16,2","5,4",5,"2,5","2,2","7,8","7,2",,
270,20/09/2025,"2,4","2,8","3,4","1,8","2,5","1,3","2,4","1,6","4,5","1,6","7,1","1,6","6,2","2,6","2,3",2,1,"1,6","2,3","2,3","2,7","2,8","2,1",4,"1,3","1,7","1,6","2,7",2,"1,3","1,4","1,3","1,3","2,4","1,4","1,7","1,7","1,6","1,9","2,9","1,9",2,"1,1","1,6","1,4",2,"1,5",2,"1,5","2,3","2,8","3,1","2,7",2,"1,6","2,1","1,9","1,7","1,1",1,"1,6","1,7","1,6","2,8","1,4",2,"1,7","9,7",3,,
271,21/09/2025,"0,1","0,1",0,"0,7",0,"0,1","0,5",0,0,"0,9",0,"0,1",0,0,0,0,"0,7","0,6",1,0,0,0,"0,5","0,1","0,1","0,6","0,2",0,0,0,0,"0,1","0,4","0,1",0,0,0,0,"0,3",0,"0,4","0,1","0,1",0,"0,5","1,2","0,4",0,"0,2",0,0,0,"0,2","0,6","0,1",0,0,0,"0,2","0,1","0,3","1,2",0,0,"1,3",0,"0,2",0,0,,
272,22/09/2025,0,0,0,"0,1",0,0,0,0,0,0,0,0,0,0,0,0,0,0,0,"0,1",0,0,0,0,0,0,0,"0,4",0,0,0,0,0,0,0,0,0,0,0,0,0,0,0,0,0,"0,1",1,0,0,0,0,0,0,0,0,0,0,"0,1",0,0,0,0,0,0,0,"0,1",0,0,"0,1",,
273,23/09/2025,0,"0,2",0,"1,1","0,5","0,4","1,3","1,4",2,"1,1","2,1","1,6","1,4","1,6","0,1","0,3",1,"0,6","1,1",0,"0,2","0,1",1,"0,4","0,3","0,5","0,5","0,1","0,2","0,4","0,9","0,7","0,4",0,"0,4","0,6","0,6",0,"0,7","0,8","0,3","0,8","0,5","0,3","0,4","0,8","1,1","0,1","0,9","0,1","1,5","0,1","0,2","1,7","1,1","0,1",0,"1,1","1,3","1,1","0,5","2,3",0,"0,2","0,5",0,"0,5","0,8",0,,
274,24/09/2025,0,"0,6","0,1","0,2","0,1",0,"1,4",0,"1,2","0,1","0,9",0,"1,1",0,"0,2","0,1",0,"0,4","0,6",0,0,0,"0,2","0,1",0,"0,3","0,2","0,1",0,0,0,"0,1","0,5","0,1",0,0,0,0,"0,1","1,2","0,7","1,5",0,0,"0,2","0,3",0,0,0,"0,1",0,"0,3","0,6","1,5",0,0,0,0,"0,2","0,1","0,2","0,7",0,0,0,"0,2","0,2",6,0,,
275,25/09/2025,0,0,0,"0,3","0,2","0,2",0,"0,1","0,2","0,2","0,2","0,2","2,5",0,0,0,0,"0,3",0,0,0,0,0,0,"0,1","0,1","0,2","0,1",0,0,"0,1","0,1","0,1",0,0,0,"0,2",0,0,"0,2",0,0,"0,2","0,1","0,3","0,2",0,0,0,0,0,0,"0,1",0,"0,1",0,0,"0,1",0,"0,1","0,4","0,3",0,"0,1",0,0,0,"0,1","0,2",,
276,26/09/2025,0,0,0,0,0,0,0,0,"0,2",0,0,0,"1,6","0,1",0,0,0,0,0,0,0,0,0,0,0,0,0,0,0,0,0,0,0,0,0,0,0,0,0,0,0,0,0,0,0,0,0,0,0,0,"0,1",0,0,0,0,0,0,0,0,0,0,0,0,0,0,0,0,"0,3",0,,
277,27/09/2025,0,0,0,0,0,0,0,"0,4",0,0,0,"0,1","0,1",0,0,0,0,0,0,0,0,0,0,0,0,0,0,0,0,0,0,0,0,0,0,0,0,0,0,0,0,0,0,0,0,0,"0,3",0,"0,1",0,0,0,0,0,0,0,0,"0,3",0,0,0,0,0,"5,2",0,0,0,"0,7",0,,
278,28/09/2025,0,0,0,0,0,0,0,0,0,0,0,0,"0,1",0,0,0,0,0,0,0,0,0,0,0,0,0,0,0,0,0,0,0,0,0,0,0,0,0,0,0,0,0,0,0,0,0,0,0,0,0,0,0,0,0,0,0,0,0,0,0,0,0,0,0,0,0,0,0,0,,
279,29/09/2025,"0,3","5,9","4,4",0,"1,8","0,1","7,5","0,1","3,8",0,"0,7","0,1","2,2","0,1","0,8",0,"0,1","0,6",2,"2,1","0,7","5,2","2,4","4,9","0,4","0,5","0,6","0,1",0,0,"0,1",0,0,"0,3",0,0,0,0,"4,2","8,3","6,8","8,1","1,6","2,1","0,8","0,1","0,1","0,6",0,"2,6","0,2","1,2","6,7",3,"0,1","0,9","2,2","0,1",0,0,0,"0,9",0,"0,6",0,0,"4,4","0,5","6,3",,
280,30/09/2025,"14,6","18,2","15,7","11,6","13,1","14,2","18,8","14,7","14,6","10,5","10,5",11,"19,6","9,3","14,3","12,6","8,3","17,6","19,3","5,2",12,"8,2","17,8","18,7","13,5","15,9","15,7","10,7","22,6","18,7","11,2","12,4","15,4","19,8","12,7","14,4","10,9","15,3","16,4","17,1","20,1","19,9","11,5","12,9","19,6","18,4",15,"8,7","13,2","8,2","11,5","13,7","17,1","13,7",12,"11,8","6,1","21,2","13,6","32,2","15,2","6,6","15,1","19,4","15,5","11,4","13,7","4,5","5,6",,
281,1/10/2025,0,0,0,0,0,0,0,0,0,0,"0,1",0,"0,2","0,2",0,0,0,0,0,"0,5","1,7","1,4",0,0,0,0,0,0,0,0,0,0,0,0,0,0,0,0,0,0,0,0,0,0,0,0,0,"0,4",0,"1,2","0,1",0,0,0,0,"0,6","0,5",0,"0,1",0,0,"0,5","0,1",0,"0,1",0,0,"2,1","0,8",,
282,2/10/2025,0,"0,7","0,3","1,5",1,"0,7",1,"1,6","0,1","1,8","0,9","1,3","1,9","1,6","0,1","0,2","1,1","0,9","1,3","0,6","1,9","2,8","1,4","1,2","0,5","1,2","1,7","0,3","2,1","1,2","1,2","0,5","0,8","0,2","1,3",1,"0,5","0,8","1,2","1,3","0,1","0,5","0,9",1,"0,8","0,9","0,8","1,5","1,3",1,4,"1,6","0,9","0,3","1,2","1,5","1,3","0,9","1,2","0,6",2,"1,8",1,"0,4","1,1","0,2","1,2","5,1","1,6",,
283,3/10/2025,"0,4","0,3","0,9","0,6","0,2","0,2","2,1","2,9","0,2","1,3","0,2","2,2","2,9","1,3","0,2","0,7","1,3","0,5","1,8","0,4","0,5","0,8","0,4","0,7","0,2","0,3","0,1","0,3","1,1","2,4","0,8","0,3","0,2","0,4",1,"0,4","0,8","1,2","0,3","2,1","1,5","2,8",0,"0,1","0,9",1,"0,5","0,4","1,7","0,6","0,8","0,5","1,3","0,9","1,5","0,4","0,4","0,9","0,8","1,4","0,3","1,9","1,4","0,7",1,"0,1","0,1","0,6","0,5",,
284,4/10/2025,0,0,0,"2,1",0,0,"0,5","1,2",0,2,"1,3","0,8","0,2","3,9",0,0,1,"1,3",2,"0,2","1,4","0,7","0,7",0,0,"0,9","0,1",0,"0,6","0,4","0,5","0,1","0,3",0,"0,5","0,2",0,"0,5","0,3",0,"0,3","0,4",0,0,"1,4","2,4","1,2","0,9","1,2","0,6","3,9","2,2",0,"0,9",1,1,"0,5","1,1","0,6","0,1","1,3","5,1","0,6","0,1","0,6",0,"0,2","1,6","0,1",,
285,5/10/2025,0,0,"0,1",0,"0,2",0,0,"0,1","0,5",0,0,"0,2","0,5","1,5",0,0,0,"0,1",1,"1,2",0,0,"0,3",0,0,"0,1",0,0,0,0,"0,8",0,0,0,0,0,0,0,"0,1",0,0,0,"0,1",0,"0,4",0,0,0,0,0,1,0,0,"0,4","0,3",0,0,0,"0,2","0,3",0,"0,1",0,0,"0,6",0,"0,1","0,6",0,,
286,6/10/2025,"0,5",0,"0,9",0,0,"2,3",0,0,0,"0,3","0,9",0,"0,1",0,"0,5","0,5",0,"1,7",0,0,0,"0,1",0,"0,9","2,3","5,1","6,1","0,2",0,0,"0,3","0,8","2,6","0,9",0,"0,6","1,1",0,0,"1,3",0,"0,1","0,5",0,0,0,"1,6",0,0,0,0,0,"0,8",0,0,0,0,"1,8",0,"0,1",4,1,0,"0,6",0,0,0,"1,1",0,,
287,7/10/2025,2,"2,9","4,6","3,4","1,7","2,1","3,7","2,8","8,6","3,2","1,2","2,8","18,7","4,4","1,7","1,9","3,3","2,2","4,3","6,2","5,5",7,"2,4","3,4",2,"2,2","2,4","1,3","4,7","3,1","4,2","2,3","2,7","2,2","4,2","2,6",2,"3,2",2,"5,8","3,3","4,8","1,9","1,5","3,2","3,4",3,"5,3","2,4","5,1","6,1","5,5","4,1","2,6",3,"4,5","4,5","2,8","3,3","2,6","2,7","4,1",3,"1,7","3,7","1,5","2,2","2,6","4,9",,
288,8/10/2025,0,"0,1","0,4","0,3",0,0,"0,1","0,2","1,1","0,1","1,3","0,1","5,2","0,4",0,0,0,0,"0,3","0,1",0,"0,1","0,2","0,2",0,0,0,0,0,0,"0,2",0,0,0,0,0,0,0,0,"0,3",0,"0,1",0,0,0,"0,1",0,0,0,0,"0,3","0,2","0,2","0,1","0,3",0,0,"0,1",0,0,0,"0,4",0,0,0,0,0,"6,7","0,2",,
289,9/10/2025,"0,3","0,1","0,5","0,2",0,0,0,0,"0,7","0,1","0,3",0,"3,9",0,"0,1",0,"22,8","0,2","0,2",0,0,"0,2",0,"1,1",0,0,0,"0,3",0,"21,5","12,5","0,3","0,2",0,"0,2",0,"0,3","3,8",0,"0,5",0,0,0,0,"0,2","0,1",0,0,0,0,0,0,"0,2","0,1",0,0,0,"3,6",32,"1,1","0,1","0,5","3,7","7,9","17,9","7,1",0,4,0,,
290,10/10/2025,"0,8","0,3","0,6","0,5","0,4","0,6","1,9","0,3","1,3","0,6","1,3","0,1","5,3","0,3","2,2","0,9","0,4","0,6",2,"3,6",0,"1,5","0,6","0,8","0,6","0,4","0,3",1,21,"0,7",0,"0,4","0,5","1,6","0,9","0,2","0,3","2,5","0,3","2,3","1,1","2,2","0,3","0,3","0,7","0,9","0,4","0,6","0,2","1,4","0,1","0,8",1,"1,2",0,0,"1,9","0,2",0,"0,2","0,4","1,1","8,3","0,1",0,"1,6","0,3","2,2","25,1",,
291,11/10/2025,"7,7","7,9","9,2","2,4","2,6","0,5",2,"3,9",0,"2,7","6,5","17,4",0,"15,5","6,4","11,2","8,8","0,6","0,5","0,6","6,1","1,9","0,8","6,7","0,2","0,5","0,9","2,3","12,4","4,7","23,4",5,"6,2","8,9","17,7","8,4","4,2",11,"1,2","1,4",3,"1,2","0,9","4,4","0,9","1,5",7,"6,1","1,7","1,9","14,4","11,8","14,2","1,1","17,5","5,2",3,"10,4","11,5","11,7","2,1","6,8","6,5","7,7","13,3","3,8","3,1",0,"1,2",,
292,12/10/2025,"7,3",6,"5,7","7,6","9,3","4,1","4,1","1,8","3,2","1,2","0,1","3,2","4,3","3,2","16,2",16,"1,5","24,8","6,6","2,1","3,7","0,6","7,2","14,7",5,"22,8","12,3","10,2","3,4",2,"8,4",18,"10,2","10,3","1,5","24,4",16,"4,4","9,9","1,8","4,8","0,9","11,2",15,"10,7","7,5","15,8","1,5","1,4","1,1","1,3","0,1","1,7","3,7","3,8","2,9","0,7",6,"2,5","5,8","12,2","0,7","1,3","0,7","3,1",5,"11,7","0,9","0,5",,
293,13/10/2025,16,"15,9","13,6","26,4",17,"29,5","11,1","12,6",20,"9,4","9,1","11,3",34,"16,3","18,2","15,1","37,9","28,3","19,7","19,3","19,5","36,3","21,2","21,4","31,5","26,6","36,9","22,8","13,4","18,9","34,4","26,7","37,8",17,"41,4","48,1",27,"8,1","23,2","9,4","8,2","9,9","21,9","28,4",19,"24,1","30,1","27,6","13,8","12,3","17,3","14,5","8,8","10,4","15,2","18,1","25,6","24,8","19,3","16,3","28,7","4,3","11,1","16,8","20,5",20,"23,4","6,5","8,3",,
294,14/10/2025,1,"0,9","0,4",1,"2,3","2,3",1,"0,6",1,"1,5","0,9","0,4","2,6","0,3","0,5","0,4","0,7","0,5","1,2","0,5","0,5","0,4","0,8","1,8","2,4","0,9","1,2","0,3","0,3","0,5","0,4","0,8","1,4","1,1","0,3","0,9","0,7","0,3","0,5","0,5","0,6","0,6","1,5","1,6","0,6","1,1",1,"0,4","0,6","0,2","0,7","0,2","0,5","0,6","0,3","0,3","0,3","0,2","0,5","0,4","0,3","1,2","0,3","0,3","0,6","0,3","0,5","0,6","0,2",,
295,15/10/2025,"0,1","3,7",5,0,"1,7",1,"3,2","0,1","8,5","0,1","10,7","0,7","7,4",0,"0,3","0,7","0,6","0,8","0,9","0,1",0,"0,2","1,1","4,5","1,4","0,6","1,3","1,2","3,2","0,5","0,1","0,8","1,1","0,4","0,9","0,6","0,6","3,7","1,7","4,5","2,8","3,3","1,8","2,5","0,4","0,2",0,0,"0,3",7,0,0,"4,8","1,8","0,3",0,"0,3","0,1","1,5","1,1","0,5","1,3","0,2",0,"0,5",3,"1,8","6,9","4,7",,
296,16/10/2025,"1,3","0,6","0,4","5,1","0,9","1,1","2,2","3,9","2,1","6,3","1,1","3,3","0,8","2,2","0,6","1,6","7,1","2,1","6,2",4,"21,8","18,1","0,6",1,"1,4","3,8","2,7","4,3","28,8","13,2","3,5","2,8","1,3","1,7","65,7","1,8","1,3","11,2","0,9","0,2","0,3","0,4","0,8","0,7","4,6","5,3","3,9","12,7","3,9","17,9","5,1","30,4","0,2",3,"2,7","20,1","18,2","12,2","5,4",4,"3,3","1,6",15,"19,9","1,4",5,"0,8",,"7,3",,
297,17/10/2025,4,"3,3","4,9","13,4","3,7","3,7","2,2","3,1","8,1","10,7","7,8","3,6","10,8","9,8","1,8","1,9","3,3","7,2","6,7","25,1","12,7","5,8","4,2","1,9","3,9","9,6","6,4","1,4",3,"1,7",3,3,"4,8","3,4","3,6","2,2","2,7","2,3","3,2","4,9","1,9","2,5","3,1","3,6","7,7",11,"10,6","6,4","3,2","6,9","10,1","9,5",4,"2,1","5,5","8,3","4,9","3,3","4,9","1,9",13,"18,4","7,2","28,9","6,9","2,1","3,3",,"8,9",,
298,18/10/2025,"1,6","2,4",3,"3,5","1,5","1,4","2,5","2,2","3,9",2,"3,3","1,8","4,2","1,9","1,8","1,8","1,1","1,6",3,"1,6","1,2","11,4","2,4","3,3","1,1",2,"2,3","2,1","2,2",1,"1,8","1,4","1,3","1,8","0,9","1,8","1,5","1,2","2,3","3,1","2,5","2,2","1,1","1,2","2,5","3,6","2,6","4,2",2,"5,9","1,9","1,7","2,5",2,"1,9",1,7,"1,6","0,8","1,2","2,1","1,4","3,4","2,3","1,1","2,9","1,9",,"3,8",,
299,19/10/2025,0,0,0,0,0,0,0,0,0,0,0,0,0,0,0,0,0,0,0,0,0,0,0,0,0,0,0,0,0,0,0,0,0,0,0,0,0,0,0,0,0,0,0,0,0,0,0,0,0,0,0,0,0,0,0,0,0,0,0,0,0,0,"0,1",0,0,"0,1",0,,0,,
300,20/10/2025,0,0,0,0,0,0,"0,1",0,"0,7",0,0,0,0,"0,1","0,1",0,0,0,0,0,0,0,0,0,0,0,0,0,"0,4","0,1",0,"0,1",0,0,0,0,"0,1",0,0,0,0,0,0,0,0,"0,2",0,0,0,0,"0,7",0,0,0,0,0,0,1,0,"0,5",0,0,"0,1","1,2",0,0,0,,0,,
301,21/10/2025,0,0,0,0,0,0,0,0,0,0,0,0,0,"0,2",0,0,"5,1",0,0,"1,1","2,1","1,7",0,0,0,0,0,0,"6,2","0,5",0,0,0,0,"9,6","0,2",0,"14,5",0,0,0,0,0,0,0,0,0,"1,5",0,"1,2","0,3",1,0,0,0,"1,3","1,4","0,1",7,"0,1",0,"0,1","3,5",3,"2,7",0,0,,"1,5",,
302,22/10/2025,"0,9","5,9","6,4","15,2","6,7",2,0,17,0,"16,8","7,9","9,6","0,6","0,4","0,2","0,2","0,8","1,9","1,9","26,7","20,9","27,9","0,9","10,4","0,7","5,3","2,9",0,"0,6","0,6","19,3","0,1","0,1","0,7","0,3","2,6","1,5","0,1","0,4","0,2","0,2",0,0,"2,8","4,9","4,9","18,4","19,9","14,6","4,8","0,4","0,9","2,7","0,1","7,6",17,"13,3",0,"1,4","1,1","1,7","0,3","0,2",0,"3,4",0,"0,1",,16,,
303,23/10/2025,8,"2,2","1,9",6,"2,9","2,2","5,8","1,5","9,3","11,2",13,"1,3","8,7","0,8","13,5","17,2","22,3","6,8","8,9","46,5","5,4","17,5",5,"5,2","2,9","4,2","2,5","15,7","22,5","37,4","40,2","19,2","5,9","20,9","35,4","11,8","9,5","21,1","3,9","3,3",4,7,"1,1",,"5,4","6,2","19,1",,"6,6","41,9","1,6","3,4","4,3","5,2","1,3","4,2","18,1","14,5","40,5",14,"5,1","8,7","17,9","23,8","23,4","7,5","3,5",,"44,1",,
304,24/10/2025,"1,5","2,2",2,"3,9","1,7","1,5","2,2","3,3","3,2","4,5","4,1","2,8","3,4",4,"1,9","1,5","2,2","2,7","3,1","7,5","6,3",5,"2,9","2,3","1,5","2,2","2,3","2,2","4,5",0,"2,7","1,8","1,7","1,6","4,7","1,8","1,3","3,2","2,4","2,6","2,5",2,"1,3","1,7",3,"3,2","3,7","6,4","3,5","5,2","4,7","4,1","2,2","2,5",3,"5,5","4,5","1,7","2,3","1,3","2,3",4,3,"2,2","2,9","1,7","1,8",,"6,6",,
305,25/10/2025,0,0,"0,1",0,0,0,0,0,0,0,"0,5",0,"0,1",0,"0,1",0,"4,1",9,"0,4","0,2","3,3","3,1","0,4","0,1",0,"2,5",0,"4,9",0,"1,6",0,0,0,0,"0,2","0,5","0,7",1,"0,3",0,0,0,0,0,"9,9","0,1",0,"16,7","0,5","11,5",0,"9,6",0,"0,3",0,"8,9","9,1",0,"2,5","1,8","1,1",0,"9,6",1,0,2,0,,"5,2",,
306,26/10/2025,0,"0,1","0,4",0,0,0,0,0,"0,7",0,"1,4",0,"7,4","0,1",0,0,0,0,"0,1",0,"0,2","0,1",0,0,0,0,0,0,"0,1",0,0,0,0,0,"0,1",0,0,0,0,0,0,0,0,0,0,0,0,0,0,0,"0,2","0,2",0,0,0,0,0,0,"0,4",0,0,0,"0,1",0,0,"0,1",0,,0,,
307,27/10/2025,"1,9","0,2",0,"8,7",1,"1,9","3,8","15,5",1,"14,3",0,"6,6","0,1",3,"1,2","1,8",3,"0,5","0,3",0,"0,2","0,1","1,7","0,1","1,2","0,7","2,4",1,"1,6","36,1","11,1","0,9",0,"5,2",2,"1,9",4,"14,3","1,7","1,7","1,1",1,"0,6","0,9","0,8","2,9","9,5","1,3","21,8","5,4","3,7","3,9","0,8","2,8","3,7","0,1","0,7","0,3","4,7","0,9","0,6","4,3","23,3","0,6","4,7","2,2","1,6",,"0,2",,
308,28/10/2025,0,0,0,"0,1",0,0,0,"0,1",0,0,0,0,"1,6","0,2",0,0,0,0,"0,1","0,4",0,0,0,0,0,0,0,0,0,0,0,0,0,0,0,0,0,0,0,"0,1",0,0,0,0,0,"0,1",0,"0,1","0,1",0,"0,5","0,1",0,0,0,"0,1",0,0,"0,2",0,0,"0,4","0,1",0,"0,1","0,2",0,,0,,
309,29/10/2025,0,"0,3","0,1","0,1",0,0,"0,1","0,1","0,1","0,1",0,0,"0,7","0,4",0,0,0,0,"0,1","0,9","1,1","1,1","0,3",0,0,0,0,0,"0,3",0,0,0,0,0,"0,1",0,0,"0,1","0,2","0,1",0,0,0,0,0,0,0,"0,9",0,"0,5","0,9",1,"0,1",0,0,"0,7","0,7",0,0,0,0,"0,4","0,1",0,0,0,"0,5",,"0,6",,
310,30/10/2025,"0,1",0,0,0,0,"0,3",0,0,0,0,0,0,0,0,0,0,0,0,0,0,0,0,0,0,"1,7",0,0,"0,8",0,0,0,"0,5","4,9","0,1",0,0,"0,5",0,0,0,0,0,0,0,0,0,0,0,0,0,0,0,0,0,0,0,0,"17,3",0,"0,5",0,0,0,"0,3",0,"0,3",0,,0,,
311,31/10/2025,0,"0,2",2,"0,1",0,0,"0,7",0,"0,9",0,"0,3",0,"4,6","0,1",0,0,0,0,"0,3",0,0,"0,1",0,"0,8",0,0,0,0,0,0,0,"0,1",0,0,0,0,0,0,0,"1,1",0,"0,1",0,0,0,"0,4",0,0,0,0,0,0,"0,2","0,2",0,0,0,0,0,0,0,"0,2",0,0,0,0,0,,"0,1",,
312,1/11/2025,0,0,0,0,0,0,0,0,0,0,0,0,"0,1",0,0,0,0,0,0,0,0,0,0,0,0,0,0,0,0,0,0,0,0,0,0,0,0,0,0,0,0,0,0,0,0,0,0,0,0,0,0,0,0,0,0,0,0,0,0,0,0,"0,1",0,0,0,0,0,0,0,,
313,2/11/2025,0,0,0,0,0,0,0,"0,3",0,0,"0,5","0,1",0,"0,2",0,0,0,0,0,0,0,0,0,0,0,0,0,0,0,0,0,0,0,0,0,0,0,0,0,0,0,0,0,0,0,0,0,0,"0,1",0,0,0,0,"0,1",0,0,0,0,0,0,0,"0,2",0,0,0,0,0,"0,1",0,,
314,3/11/2025,0,"14,9","0,8",0,"0,4",0,1,0,0,0,0,0,"0,6",0,"1,3","1,5",2,0,"0,1",0,0,0,"0,3","14,3",0,0,"0,2","0,9",0,"3,9","1,5","2,3",0,"0,8","1,2","0,7","1,9",0,"1,1","0,1","0,1",0,"0,4","2,3",0,0,0,0,0,0,0,0,0,"0,3",0,"0,4",0,"3,3",2,"1,1",0,0,0,"3,5","5,4","1,5","0,8","1,1",0,,
315,4/11/2025,0,0,0,0,0,0,0,0,0,0,0,0,0,0,0,0,0,0,0,0,"0,3",0,0,"0,1",0,0,0,0,0,0,0,"0,4",1,0,1,"1,3","0,5",0,0,0,0,0,0,0,0,0,0,0,0,0,0,"0,3",0,0,0,"0,3",0,"0,1",0,0,"0,5",0,0,0,0,"0,1",0,0,0,,
316,5/11/2025,0,"0,5","0,4","1,4",0,0,"0,9","0,4",1,"0,9",5,"0,3",3,"0,4",0,0,0,"0,4","1,9","0,1",1,"0,4","0,2","0,3",0,"0,3",0,0,"0,3","0,4","0,3",0,0,0,"1,3","0,1",0,"0,3","0,4","1,5","0,6","1,4",0,"0,1","0,9","1,9","0,9","0,5","0,3","0,1","0,4","0,6","0,5","0,6","0,3","0,8","0,2",0,"0,8",0,"0,2","1,7",0,0,"0,5",0,"0,4","7,9",0,,
317,6/11/2025,"1,9","3,2","3,4","3,5","1,9","2,1","3,1","3,9","4,2","3,7","5,8","3,2","4,5","3,9","2,3","5,7","2,9","3,1","4,2","2,2","4,5","4,5",3,"2,8",2,"2,7","2,9","1,6","4,2","1,4","3,9","6,3","2,5",2,"3,9","2,8","7,9","3,5","2,6","3,2","2,6",3,2,"1,9","3,6","3,7","3,3","4,1","2,9",4,"3,9","4,7","3,6","2,8","3,5","4,1","3,7","2,8","3,4","2,5",3,"3,3","2,4","1,9","3,6",2,"2,3","4,2","3,3",,
318,7/11/2025,0,0,0,0,0,0,0,0,0,0,0,0,"0,1",0,0,0,"2,2",0,0,0,0,"0,5",0,0,0,0,0,0,"0,5","0,5",0,0,0,0,0,0,0,"0,1",0,0,0,0,0,0,0,0,0,"0,1",0,1,0,0,0,0,0,0,"0,3","4,3",0,0,0,0,"0,1",0,0,0,0,,"0,1",,
319,8/11/2025,0,0,0,0,0,0,0,0,0,0,0,0,"0,1",0,0,0,0,0,0,0,0,0,0,0,0,0,0,"0,1",0,0,0,0,0,0,0,0,0,0,0,0,0,0,0,0,0,0,0,0,0,0,0,0,0,0,0,0,0,"1,3",0,0,0,0,0,"0,4",0,"0,1",0,0,0,,
320,9/11/2025,"0,2",1,"1,7","0,4","0,6","0,1","4,1",0,2,0,"0,6",0,"2,7","0,8","0,3",0,0,"0,2","1,1",0,"0,9",0,"0,5","1,3",0,0,0,"0,2",0,0,0,0,"0,2","0,3",0,0,0,0,"0,4","3,6","3,5","4,7","0,1","0,3","0,7","0,7",0,"0,2",0,0,"0,9",1,"2,1","1,5",0,"0,4",0,0,"0,1",0,"0,3","1,1",0,0,0,"0,3","0,5","1,8",0,,
321,10/11/2025,0,0,0,0,0,0,0,0,0,0,0,0,"0,6",0,0,0,"0,3",0,"0,2","0,5","0,5",0,0,0,0,0,0,0,0,0,0,0,0,0,0,0,0,0,0,0,0,0,0,0,0,0,0,0,0,0,0,0,0,0,0,"0,1",0,0,0,0,0,"0,3",0,0,0,0,0,"0,9",0,,
322,11/11/2025,0,0,0,0,0,0,0,0,0,0,"0,7",0,"1,5",0,0,0,0,0,0,0,0,0,0,0,0,0,0,0,0,0,"0,1",0,0,0,0,0,0,0,0,0,0,0,0,0,0,0,0,0,0,0,0,0,0,0,0,0,0,0,0,0,0,0,0,0,0,0,0,3,0,,
323,12/11/2025,"14,8","5,7","4,3","3,9","7,6","22,6","2,5","0,2","12,3","1,4","7,8","0,2",11,"0,4","21,3","22,4","27,2",2,4,0,0,0,"1,4","5,7","20,5",3,"13,1","9,4",17,"5,2","5,9","24,3",25,"14,7","3,3","11,5","14,8","7,2","1,3","10,6","4,8","6,8","9,8","4,2","2,9",4,"2,1",0,"0,5","2,7","0,2","0,2",7,2,"0,2","2,6",0,"15,9","22,7",23,"21,8","2,9","2,6","5,7","20,8",12,"1,4",4,"0,4",,
324,13/11/2025,"0,2","0,2","0,2","1,8","0,1","0,7","4,9","1,7","0,9","2,9",0,"1,3",1,"0,5",6,"4,3","4,4",2,"1,7","0,5","1,2","0,7","2,5",0,"0,4","0,5","0,8","2,7","10,1","3,4","2,6",4,"3,1","0,3","6,3","6,2",6,"21,6",1,"1,7","1,3","3,2","0,4",0,"1,1","1,9","4,9","0,4","1,9","0,1","0,7","0,6","1,2","3,6",1,"4,9","0,2","4,2","3,4","3,9",2,"3,6","12,7","4,2","3,1","8,1",1,"1,8","0,4",,
325,14/11/2025,"4,1","5,3",6,"3,6","3,4","2,3","1,7","12,8","8,6","6,2","2,9","7,9","11,5","0,8","1,6","1,3","1,3","2,2","1,4","0,4","1,5","0,1","3,2","8,8","2,5","5,9","3,4","0,9","9,4","3,5",4,3,3,"4,3","4,8",3,"5,5","6,8","4,3","2,1","3,2","1,5","3,3","4,1",1,"1,6",12,"0,2","12,4","1,5","0,7","0,5","2,2","1,5","3,5","2,4","0,2","0,3","1,2","1,1","4,1","1,8","14,5","0,6","2,7","1,5","4,9","4,5","0,9",,
326,15/11/2025,"13,8","1,2","2,4","36,8","13,3","13,7","15,6","18,7","0,1","25,8","9,5","21,3","3,6","5,8","4,6","4,6","10,5","32,3","22,2","25,2","17,8",1,"39,4","13,1","14,3",34,"27,6",4,"14,6",8,"7,9","4,9","5,6","11,8","16,3","8,3","4,7","11,3","34,7","6,4","8,7","13,2","22,3",18,"21,8","17,8","37,3","2,8","31,8","5,3","15,6","8,3","3,5","13,7","17,3","25,6","1,7","5,1","14,5","7,8","20,5",17,"7,4","8,8","12,7","5,9","25,6","0,5",6,,
327,16/11/2025,"0,8","0,7","1,9","5,1","1,2","0,7","3,2",9,"0,1","13,5",0,"8,6","1,8","12,9","0,6","0,9","18,4","2,6","7,4","27,3","19,3","44,6",2,2,"0,8",2,"0,5","0,4","7,6","14,2","9,9","1,6","1,2","0,9","15,7","2,7","0,9","3,6","1,7","1,7","1,5","1,5","0,9","1,2","5,1","5,6","5,2","24,8","7,9","19,2","13,5",11,"1,5","3,9","9,5","17,2","24,9","2,3","12,8","3,4","2,3","3,3",3,8,"13,8","5,1","1,4","6,4","21,1",,
328,17/11/2025,"2,8","1,3","1,1","0,5","1,3","0,7",2,"1,2","0,7","0,9","7,5","0,4","0,5","4,9",1,"1,6","0,5",0,"0,3","3,1","0,7","1,4","0,7","1,2","1,2","0,2","0,4",1,"0,6",0,"0,5","0,3","1,1","3,8","0,2",0,"0,2","1,1",0,"1,1","0,7","1,1","0,4","0,9","0,4","2,2","0,2","0,8","0,8","1,3","12,7","0,3","0,6","1,2","0,5","0,5","0,9","0,4","0,5","0,6","0,1","1,1","2,8","0,4","0,4","3,1","0,3","3,1",2,,
329,18/11/2025,"12,2","7,9","7,7","10,9","5,6","6,3","9,3","18,6","8,2","16,3","8,8","8,2","10,2",16,"0,2","5,9","2,6","4,3","10,9",0,"34,3","7,3",3,"4,7","7,7","6,4","8,1",0,"0,1","3,8","12,8","13,3","17,4","7,4",2,"15,2","7,8","0,2","4,8","8,2","4,6","9,5","7,7","7,6","8,2","16,8","16,7","7,5","34,1","0,1","18,3","12,8","5,5","6,5",6,"20,1","2,6",0,"3,2","1,5","8,2","0,4",0,0,"21,9",0,"4,8","0,1",0,,
330,19/11/2025,"0,1",0,0,"0,3",0,"0,2",0,0,0,"0,2",0,0,"0,3",0,0,"0,8",0,"0,1",0,0,0,0,0,0,"0,4",0,0,"0,1",0,0,0,"1,7","0,1","0,5",0,"0,1","1,3",0,0,0,0,0,0,0,0,0,"0,1",0,0,0,"0,1",0,0,"0,1",0,0,0,0,0,"0,6",0,"0,6",0,"0,4",0,"0,1","0,1",0,0,,
331,20/11/2025,"5,4",0,0,"23,3","5,3","4,2",0,"12,4",0,"17,1",0,"15,4",0,"9,2",6,"12,5","51,5","15,8","3,9",0,"6,7","0,1","13,5",0,"9,8","11,5","10,9",1,"1,9","8,5","17,6","6,3",6,"5,1","3,1","15,5","3,3","3,2","11,8",0,0,0,"7,5","1,6","15,8","16,2","28,1","2,8","2,7","6,4","8,4","24,6",0,"0,4","18,3","10,2","4,1","3,6","8,9","22,2","20,1",0,"0,6","3,4","23,2","1,1","3,5",,"7,5",,
332,21/11/2025,"3,4","7,3","4,6",26,6,"4,3",12,5,0,5,"3,3","5,2","1,8","7,6","2,4","3,5","41,2","20,8","13,9","6,2","14,5","6,3","20,3","17,4","3,6","19,4","14,8","1,1","20,2","6,8","65,5","2,6","4,9","5,8","34,9","22,4","2,5","18,9","20,4","2,7","4,4","3,9","5,9","7,8","23,5","10,9","6,9","10,9","4,6","15,2","12,3","17,6","2,9","14,3","5,5","15,2","7,3","2,4","18,1","6,2","13,6","14,5","16,5","3,2",31,"0,2","22,5",,"21,5",,
333,22/11/2025,0,0,"1,3","0,2",0,0,0,0,"0,1",0,0,0,"16,8",0,0,0,0,0,0,"0,1",0,"0,1",0,0,0,0,0,0,0,0,0,0,0,0,0,0,0,0,0,"0,4",0,"0,1",0,0,0,0,0,0,0,0,"0,2","0,1","0,3",0,0,0,0,0,0,0,0,"0,1","0,1","0,1",0,0,0,,"0,1",,
334,23/11/2025,"4,2","7,5","10,4","0,8","1,2",6,"7,9","11,3","4,4","0,3","0,8","4,4","6,6","0,5","0,8","0,1","2,7","13,5",4,"0,5",0,"9,9","3,8","2,4","4,5","22,4","7,9",1,"7,2","15,8","10,4","0,6","10,5","3,5","1,2","1,2",0,14,"2,6","14,7","9,9","10,6","1,7","1,4","5,2","1,5","0,3","4,8","5,1",10,"0,4",0,"16,6","4,7","0,8","0,1","15,1","17,1","16,1","7,9","3,8","2,7","3,5","12,1",11,"2,9",3,,"9,2",,
335,24/11/2025,"4,5","0,6",1,"0,6","1,9","2,3",1,1,"1,7","0,5","2,7","0,2","4,6",0,"0,7","0,6","2,7","0,9","0,8",0,0,0,"1,1",2,"1,8",4,"3,2",2,"1,3","0,7","0,7","0,4","2,6",4,"0,3","0,1","0,7","2,9","1,5","1,5","1,3",1,"1,4","1,9","0,6","0,7","0,4",0,"0,5",0,0,0,"1,2","0,9","0,1","0,1",0,"0,6",0,"0,4",1,"1,7","3,5",1,"2,8","0,8","3,5",,"0,1",,
336,25/11/2025,"0,1","0,3","0,8","0,5","0,2","0,1","0,9","0,3","1,2","0,8","2,1","0,2","2,3","0,2",0,"0,1","0,2","0,4","0,5",0,"0,6","3,8","0,4","0,6","0,2","0,3","0,4","1,8","2,9",0,"0,3","0,1","0,2","0,1","0,2","0,3","0,3","1,7","0,3","1,8","1,1","1,1","0,2","0,3","0,4","0,4","0,5","1,3","0,4","0,8","0,2","0,3","1,2","0,5","0,2","0,2","1,7",0,"0,3","0,3","0,3","0,7",0,0,"0,4","1,3","0,2","1,9","0,5",,
337,26/11/2025,0,0,0,"0,2",0,0,"0,8",0,0,0,0,0,2,1,0,0,0,0,"0,1",0,"0,1","0,5","0,1",0,0,0,0,0,"0,2","0,1",0,"0,1","0,1",0,"0,1",0,0,"0,2","0,1",0,0,"0,1",0,0,"0,2","0,2",0,0,0,"0,2","0,9","0,4",0,"0,4",0,"0,1",0,0,"0,2",0,"0,1","0,3","0,2",0,"0,3",0,0,"0,2","0,6",,
338,27/11/2025,0,"0,3","0,4","0,7","0,2",0,"1,2",0,"0,2","0,3",0,0,"1,5","0,3",0,0,"0,2","0,1","1,3",0,"0,1",0,"0,3","0,3",0,0,"0,1",0,"0,1",0,0,"0,1","0,1",0,"0,1",0,0,0,0,"1,2","0,3","0,7",0,0,"0,7","0,9","0,2","0,1",0,0,"0,1","0,2","0,7","0,9",0,"0,1",0,0,0,0,"0,1","0,3",0,0,"0,1",0,0,0,0,,
339,28/11/2025,"0,8","1,1","1,4","0,6","0,9","0,8","0,6","0,5","1,7","0,2","2,1","0,5","2,9","0,7","1,4","1,3","1,4","0,5","0,4",1,1,"1,2","0,6","1,9","0,8","0,6","0,8","1,2",1,"0,8","1,1","1,1","0,8","1,1",1,1,"1,2",1,"0,7","1,5","0,6","0,5","0,6","0,7","0,5","0,5","0,5","0,9","0,4","0,9",1,"0,7","1,1","0,5","0,5","0,8","0,7","1,4","0,7","1,2","0,6","0,4",1,"1,6","0,8","1,6","0,8",,"0,9",,
340,29/11/2025,0,"0,4","0,3","1,3","0,3","0,4",1,1,"1,4","14,3","3,2","0,6","4,4","1,8","0,4","0,2","0,3","0,5","0,9","18,6","12,3","18,9","0,1","0,5","0,2","0,4","0,5","0,1",0,0,0,"0,3","0,3","0,5",0,0,"0,3",0,0,"1,7","0,2",1,"0,4","0,6","0,4","1,2","1,6","13,6","0,4",0,"6,2",8,"0,8",0,"0,5","9,6","4,2","0,2","0,3","0,4","0,9","16,4",0,"0,1",0,"0,1","0,3",,"1,6",,
341,30/11/2025,0,"4,5","15,1","11,2",0,"0,2",5,"2,8","20,2","12,5","10,1","5,4","32,3","36,6",0,0,0,"1,1",2,"21,4","25,1",12,"6,1",0,"0,1","3,2",10,0,"0,1","0,2",0,0,0,0,0,0,0,0,"13,9",15,7,"7,4","5,8","3,6","1,3","5,6","9,9","14,5","2,5","19,9","45,4","3,1","13,9","2,5","8,7","13,9","14,4",0,"0,2",0,"0,9",25,"0,7",0,"0,6",0,"20,7",,"2,6",,
342,1/12/2025,"0,6",0,0,0,"0,4","0,1","0,1",0,0,"0,2","5,7",0,"0,3",0,"0,1",0,0,0,0,"0,1",0,0,0,"0,4","0,3","0,1","0,1","0,4",0,0,0,0,0,"0,1",0,"0,1",0,0,"0,1",0,0,0,"0,2","0,5",0,0,0,0,0,0,0,0,0,0,0,"0,1",0,"0,1",0,0,0,"1,3",0,"0,2",0,"1,2","0,2","3,4",0,,
343,2/12/2025,"0,2",0,0,"0,6",0,0,"0,1","0,3",0,"0,7",0,"0,3",0,"0,1","1,1","0,8","0,7","0,3","0,4","0,7","0,3","0,3",0,"0,1",0,"0,1","0,1","1,4","1,1",2,"0,5","0,6","0,4","0,5","0,7","0,9","0,9","1,6",0,0,0,0,0,0,"0,5","0,4","0,3","0,3","0,1","0,3","0,5","0,3",0,"0,2","0,4","0,7","0,3","0,7","0,7","0,3","0,2","0,1",2,"1,5","0,5","2,1",0,0,"0,3",,
344,3/12/2025,"2,5",0,0,"0,4",0,"1,7","0,1","0,4",0,"0,5",0,"0,3",0,"0,4",2,1,"0,4",2,1,0,0,0,"0,2",0,"1,2","1,2","0,4","0,2",0,"0,3","0,2",0,0,"0,5","0,1",0,0,"0,4","0,2",0,0,0,"0,4",0,"1,2","1,6","0,2",0,"0,4",0,"0,2",0,0,"0,3","0,2",0,0,0,"0,3",0,"1,6","0,2","0,6",0,"0,2","0,1","0,3",0,0,"0,3",
345,4/12/2025,"0,4",0,0,"0,1","0,2","0,2",0,"0,2","0,5","0,1","0,3","0,1",0,"6,4","0,4","0,4",0,0,0,"3,1",0,0,0,0,"0,2",0,"0,1","0,7",0,0,0,"1,3","0,4","0,5",0,"1,3","1,6",0,0,0,0,0,"0,1","0,1",0,0,"0,1",0,"0,3",0,"11,8",0,0,0,0,0,0,"0,6","0,8","0,8","0,2",0,"0,1","0,4","0,1","2,5",0,"6,8",0,0,
346,5/12/2025,"2,6",7,"9,4","7,6","1,6","1,9","11,6","12,9","6,8","5,9","4,8","22,8","7,7","29,4","5,9","7,5","8,7","4,3","9,1","45,2",0,"22,4","7,9","13,8","1,7","5,5","2,7","1,7","14,7","12,8",32,"3,9","7,4","9,9",16,"6,4","4,1","12,8",5,"8,4","7,3","10,4","5,6","7,2","7,4","10,1","8,6","19,7","14,7","28,4","29,8","32,5","7,3","10,7","34,6",26,"20,3",1,"23,5","2,1","7,1",5,"15,1",1,"16,9","3,3","5,7","4,8","9,3",9,
347,6/12/2025,0,"0,3","2,5","2,8",0,0,"11,4","3,1","1,5","3,1","0,3","0,8","27,8","0,3",0,0,0,"0,1","6,2","7,4","0,1","3,8","0,7",0,0,"0,1","0,1",0,"0,2",0,0,0,0,0,"2,1",0,0,0,"0,1","11,2","2,5","11,5",0,"0,1","1,2","1,9","4,3",13,"0,9","2,1","0,4","0,2",4,7,"0,5","1,9","5,1",0,"2,9",0,0,"4,6","0,1",0,"8,1",0,"0,2","0,5","1,2","5,9",
348,7/12/2025,"0,2",0,"0,3","0,6",0,"0,2","0,9","0,1","0,6","0,5","0,1","0,2","1,9","29,3",0,0,0,"0,4",1,"0,1","1,5","0,6","0,7",0,"0,3","0,3","0,1","0,1","4,9",0,"0,1",0,0,0,"0,1",0,"0,4",0,"0,3","0,6","0,8","1,1",0,0,"0,7","0,9","0,1",1,0,"4,2","27,9","2,1","0,2","0,6","0,3","1,2","0,7",0,"0,1",0,"0,1","24,4","0,1",0,"1,2",0,0,"0,1","0,2",0,
349,8/12/2025,0,0,0,"0,4",0,0,0,0,0,"7,1",0,0,0,"0,1",0,0,"0,2",0,0,"6,6",15,"19,3",0,0,0,0,0,0,0,0,1,0,0,0,0,0,0,0,0,0,0,0,0,0,0,"0,1","0,8","27,8","0,2","0,5","1,1","0,4",0,0,0,"4,5","31,2",0,0,"0,4",0,"5,9",0,0,0,0,0,"0,1","0,1","0,7",
350,9/12/2025,"0,4",0,0,0,0,0,0,0,0,0,0,0,0,0,"1,9","4,8","0,6",0,0,0,0,0,0,0,0,0,0,"1,8",0,0,"2,9","0,2",0,"2,2","1,8",1,"5,2",0,0,0,0,0,0,0,0,0,0,0,0,0,0,"0,6",0,0,0,0,0,0,"1,6","0,7","0,7",0,0,"2,7","5,3","0,2",0,0,0,0,
351,10/12/2025,0,0,0,0,0,0,0,0,0,0,0,0,0,0,0,0,0,0,0,0,0,0,0,0,0,0,0,"0,1",0,0,0,0,0,0,0,0,0,0,0,0,0,0,0,0,0,0,0,0,0,0,0,0,0,0,0,0,0,0,0,0,0,"0,2",0,"0,1",0,"0,1",0,"0,2",0,0,
352,11/12/2025,0,"0,1",0,"0,1",0,0,"0,6","0,1",0,"0,7","0,4",0,"0,5","0,7",0,0,0,0,"0,3",0,"0,2","1,3",0,"0,3",0,0,0,"0,4",0,0,0,0,"0,1",0,0,0,0,0,0,"1,1",1,2,0,0,0,"0,1","0,3","2,2",0,"0,2","0,4",0,"0,4",0,0,0,"0,8","0,5",0,0,0,"0,1",0,0,0,"0,3",0,"0,1",0,"0,1",
353,12/12/2025,0,0,0,0,0,0,"0,1",0,0,0,0,0,0,0,0,0,0,0,0,0,0,0,0,0,0,0,0,0,0,0,0,0,0,0,0,0,0,0,0,0,0,"0,1",0,0,0,0,0,0,0,0,0,0,0,0,0,0,0,0,0,0,0,"0,2",0,0,0,0,0,0,0,0,
354,13/12/2025,0,0,0,0,0,0,0,0,0,0,0,0,"0,1",0,0,0,0,0,0,0,0,0,0,0,0,0,0,0,0,0,0,0,0,0,0,0,0,0,0,0,0,0,0,0,0,0,0,0,0,0,0,0,0,0,0,0,0,0,0,0,0,"0,2",0,0,0,0,0,0,0,0,
355,14/12/2025,0,0,0,"0,8",0,0,0,0,0,"0,3",0,0,0,0,"5,4","0,3",0,0,0,"1,8",0,0,0,0,0,0,0,"7,7",0,0,0,0,0,"0,2",0,0,0,0,0,0,0,0,0,0,0,0,"0,3",0,0,0,0,0,0,0,0,0,0,"0,5",0,0,0,"0,1","0,1","5,6",0,"7,7",0,0,0,0,
356,15/12/2025,0,0,0,0,0,0,0,0,0,0,0,0,0,0,0,0,0,0,0,1,"6,8","20,1",0,0,0,0,0,"0,1",0,0,0,0,0,0,0,0,0,"0,2",0,0,0,0,0,0,0,0,0,"10,7",0,"3,1",0,"0,1",0,0,0,"0,1","19,2",0,0,0,0,0,0,"0,1",0,"0,2",0,0,"5,8",0,
357,16/12/2025,0,0,0,"1,3","0,1","1,8",0,"24,3",0,"0,5",0,"22,5",0,"1,5",0,0,"1,1","1,5","0,1","28,8","17,7","1,4","0,4","0,7","0,3","0,8","1,1",0,"12,1","11,7","4,7","8,8","4,6",0,"33,3","0,2","0,1","2,7","2,4",0,0,0,"3,5","0,2","0,5","1,1","1,3","4,6","24,3","9,5","4,6","9,6",0,"0,1",24,0,"1,2",0,"2,9",0,"2,8",0,"0,4",0,"2,3",0,"2,2",0,"10,6","8,5",
358,17/12/2025,0,0,0,"3,9",0,"0,7",0,"13,3",0,"1,7",0,"31,4",0,"0,2",0,"0,1",1,9,"2,6",0,"9,8","8,8","13,1",0,"0,2","10,6","2,3",0,"1,5","0,5","11,1","0,8","1,7","0,1","20,2","2,3","0,5","0,5","10,3",0,0,0,0,0,"12,2","2,9","4,6",8,"8,4","16,9","0,1",2,0,"0,7","27,7",0,"8,8",0,3,"0,6","3,5",0,"0,1","0,1","7,5",0,"4,8",0,"16,1","5,3",
359,18/12/2025,"0,6","0,1",0,"1,7","0,3","0,4",0,"3,7",0,"0,1",0,"5,7",0,"1,7","5,6","1,5","6,9","8,1","0,2",0,"8,7",1,"2,7","0,1","0,8","5,2","1,7","9,3","4,8","10,6","1,3","0,9","0,7","2,1","10,9","7,6","2,5","0,5","1,1",0,0,0,"0,9","0,5","6,1","0,9","1,2","0,6","2,6","10,8","0,6","4,2",0,"0,4","8,4",0,"0,9","5,2","5,4","3,1",6,"0,1","1,8","7,8","2,7","17,2","1,5",0,"1,7","4,1",
360,19/12/2025,0,0,0,"0,1",0,0,0,0,0,0,0,0,0,0,0,0,0,0,0,0,0,0,0,0,0,0,0,0,0,0,0,"0,1",0,"0,1",0,0,0,0,0,0,0,0,0,0,0,0,0,0,0,0,0,0,0,0,0,0,0,0,0,"0,1",0,0,"0,1","0,1",0,0,0,0,0,0,
361,20/12/2025,0,0,0,0,0,0,0,0,0,0,0,0,"0,1","0,1",0,0,0,0,0,0,0,0,0,0,0,0,0,0,0,0,0,0,0,0,0,0,0,0,0,0,0,0,0,0,0,0,0,0,0,0,"0,3",0,0,0,0,0,0,0,0,0,0,"0,1",0,0,0,"0,1",0,0,0,0,
362,21/12/2025,"2,6","0,9","0,6",0,"1,1","0,1","0,5",0,"1,3","0,5","4,9",0,"1,3",0,0,"1,3","1,9","0,1",0,"0,3",0,0,"0,4","2,6","0,2",0,"0,3",0,31,"15,5","0,2",0,0,"5,4",12,0,"0,2","20,3",0,"0,2",0,0,"0,1","0,4",0,0,0,0,0,"1,8",0,0,"0,2","0,4","0,1",0,"0,1","0,3","2,6","0,8",0,"0,4","19,8","3,4","1,9","0,1",0,"2,9","0,6",0,"4,5"
363,22/12/2025,0,"1,2","0,8","9,3","0,3","0,9","0,4","15,3","1,2","7,7",0,"12,4","0,1","11,2",0,0,"0,8","3,9","1,7","22,8","24,6","7,6","2,2","0,8","0,3",3,"3,4",0,"1,5",0,"5,7","0,1","0,8","0,1","12,5",1,0,0,"3,5","0,7","0,6","0,3","2,5","1,2","2,7","5,5",9,"5,7","12,1","9,1",8,"27,2","0,4","1,3",10,0,"5,1",0,"19,6",0,"5,3","0,2",0,0,"6,9",0,4,0,"2,6","5,4","1,7"
364,23/12/2025,"0,2",0,0,0,"0,1",0,0,0,0,"0,2",0,0,0,0,"0,9","0,4",0,0,0,"0,1","0,3","0,6",0,"0,9","0,1","0,1","0,2","1,6",0,0,"0,1",0,"0,1",1,0,"0,3",0,0,"0,1",0,0,0,0,"0,1",0,0,0,"0,8",0,0,"0,1",0,0,0,0,0,"0,1",0,0,0,"0,2",0,0,0,0,"1,8","0,1",0,0,0,"0,1"
365,24/12/2025,"0,2","0,1","0,1",0,"0,1",0,0,0,"0,1",0,"1,1",0,"0,1","0,1",0,0,0,0,0,0,0,0,0,"0,7","0,1",0,0,0,0,"0,2",0,0,0,"0,2",0,0,0,"0,1",0,0,0,0,0,"0,1",0,0,0,0,0,0,0,0,0,0,0,0,0,"0,1","0,1",0,0,"0,2","0,3",0,0,"0,1",0,"0,6",0,0,"8,1"
366,25/12/2025,0,0,0,0,0,0,0,0,0,0,"0,1",0,0,0,0,0,0,0,0,0,0,0,0,0,0,0,0,0,0,"0,1",0,0,0,0,0,0,0,0,0,0,0,0,0,0,0,0,0,0,0,0,0,0,0,0,0,0,0,0,0,0,0,0,0,0,0,0,0,"0,6",0,0,"5,3"
367,26/12/2025,0,0,0,0,0,0,0,0,0,0,0,0,0,0,0,0,0,0,0,0,0,0,0,0,0,0,0,0,0,0,0,0,0,0,0,0,0,0,0,0,0,0,0,0,0,0,0,0,0,0,0,0,0,0,0,0,0,0,0,0,0,0,0,0,0,0,0,0,0,0,0
368,27/12/2025,0,0,0,0,0,0,0,0,0,0,0,0,0,0,0,0,0,0,0,0,0,0,0,0,0,0,0,0,0,0,0,0,0,0,0,0,0,0,0,0,0,0,0,0,0,0,0,0,0,0,0,0,0,0,0,0,0,0,0,0,0,0,0,0,0,"0,1",0,0,0,0,0
369,28/12/2025,0,0,0,0,0,0,0,0,0,0,0,0,0,0,0,0,0,0,0,0,0,0,0,0,0,0,0,0,0,0,0,0,0,0,0,0,0,0,0,0,0,0,0,0,0,0,0,0,0,0,0,0,0,0,0,0,0,0,0,0,0,0,0,0,0,0,0,0,0,0,0
370,29/12/2025,0,0,0,0,0,0,0,0,0,0,"0,2",0,0,0,0,0,0,0,0,0,0,0,0,0,0,0,0,0,0,0,0,0,0,0,0,0,0,0,0,0,0,0,0,0,0,0,0,0,0,0,0,0,0,0,0,0,0,0,0,0,0,"0,3",0,0,0,0,0,"1,7",0,0,0
371,30/12/2025,"0,2","0,4","1,6","1,4",0,"0,2","0,9","1,1","1,2","2,2","0,9","1,1","3,2","0,8","0,1","0,1","0,2","1,2","2,1","0,7",0,0,"0,4","0,6",0,"0,7","0,3",0,0,0,"0,2","0,3","0,4","0,2",0,"0,3","0,2",0,0,"0,2","0,1","0,4",0,0,"2,1","2,1","1,2",0,"0,3",0,"1,3","0,1","0,3",1,1,0,0,"1,1",0,"0,8","0,6","1,9",0,"0,1",0,"0,1","0,1","6,8",0,"0,4","0,2"
372,31/12/2025,0,0,0,0,0,0,0,0,0,0,0,0,"0,6",0,0,0,0,0,0,0,0,0,0,0,0,0,0,0,0,0,0,0,0,0,0,0,0,0,0,0,0,0,0,0,0,0,0,0,0,0,0,0,0,0,0,0,0,0,0,0,0,"0,9",0,0,0,0,0,"0,5",0,0,0
373,Número de Registros,183,183,183,183,183,183,183,183,183,183,183,183,183,183,183,183,183,183,183,183,183,183,183,183,183,183,183,183,183,183,183,183,183,183,183,183,183,183,183,183,183,183,183,182,181,183,183,182,183,183,183,183,183,183,183,183,183,183,183,183,183,182,183,183,183,183,183,149,182,59,23